XAFS,ARHA296,None
XAFS,ARHA299,None
XAFS,ENGL239,None
XAFS,GOVT324,None
XAFS,HIST138,None
XAFS,HIST226,None
XAFS,MUSC445,None
XAFS,MUSC447,(MUSC445 AND MUSC446)
XAFS,MUSC449,None
XAFS,ANTH256,None
XAFS,DANC260,None
XAFS,DANC360,None
XAFS,FREN305,None
XAFS,HIST138,None
XAFS,HIST302,None
XAFS,MUSC446,MUSC445
XAFS,MUSC447,(MUSC445 AND MUSC446)
WRCT,WRCT259,None
WRCT,WRCT263,None
REES,REES205,None
REES,REES232,None
REES,REES240,None
REES,REES282,None
REES,REES284,RUSS202
REES,REES375,None
REES,REES206,None
REES,REES252,None
REES,REES267,None
REES,REES279,None
REES,REES344,None
MUSC,MUSC103,None
MUSC,MUSC103,None
MUSC,MUSC109,None
MUSC,MUSC110,None
MUSC,MUSC202,MUSC201
MUSC,MUSC210,MUSC103
MUSC,MUSC223,MUSC103 OR MUSC201
MUSC,MUSC243,None
MUSC,MUSC251,None
MUSC,MUSC261,None
MUSC,MUSC270,None
MUSC,MUSC274,None
MUSC,MUSC295,MUSC108
MUSC,MUSC300,None
MUSC,MUSC405,None
MUSC,MUSC405,None
MUSC,MUSC405,None
MUSC,MUSC405,None
MUSC,MUSC405,None
MUSC,MUSC405,None
MUSC,MUSC405,None
MUSC,MUSC405,None
MUSC,MUSC405,None
MUSC,MUSC405,None
MUSC,MUSC405,None
MUSC,MUSC405,None
MUSC,MUSC405,None
MUSC,MUSC405,None
MUSC,MUSC405,None
MUSC,MUSC405,None
MUSC,MUSC405,None
MUSC,MUSC405,None
MUSC,MUSC405,None
MUSC,MUSC405,None
MUSC,MUSC405,None
MUSC,MUSC405,None
MUSC,MUSC405,None
MUSC,MUSC405,None
MUSC,MUSC405,None
MUSC,MUSC405,None
MUSC,MUSC405,None
MUSC,MUSC405,None
MUSC,MUSC405,None
MUSC,MUSC405,None
MUSC,MUSC405,None
MUSC,MUSC405,None
MUSC,MUSC405,None
MUSC,MUSC405,None
MUSC,MUSC405,None
MUSC,MUSC405,None
MUSC,MUSC405,None
MUSC,MUSC405,None
MUSC,MUSC405,None
MUSC,MUSC405,None
MUSC,MUSC406,None
MUSC,MUSC406,None
MUSC,MUSC406,None
MUSC,MUSC406,None
MUSC,MUSC406,None
MUSC,MUSC406,None
MUSC,MUSC406,None
MUSC,MUSC406,None
MUSC,MUSC406,None
MUSC,MUSC406,None
MUSC,MUSC406,None
MUSC,MUSC406,None
MUSC,MUSC406,None
MUSC,MUSC406,None
MUSC,MUSC406,None
MUSC,MUSC406,None
MUSC,MUSC406,None
MUSC,MUSC406,None
MUSC,MUSC406,None
MUSC,MUSC406,None
MUSC,MUSC406,None
MUSC,MUSC406,None
MUSC,MUSC406,None
MUSC,MUSC406,None
MUSC,MUSC406,None
MUSC,MUSC406,None
MUSC,MUSC406,None
MUSC,MUSC406,None
MUSC,MUSC406,None
MUSC,MUSC406,None
MUSC,MUSC406,None
MUSC,MUSC406,None
MUSC,MUSC406,None
MUSC,MUSC406,None
MUSC,MUSC406,None
MUSC,MUSC406,None
MUSC,MUSC406,None
MUSC,MUSC406,None
MUSC,MUSC406,None
MUSC,MUSC413,None
MUSC,MUSC414,None
MUSC,MUSC415,None
MUSC,MUSC416,None
MUSC,MUSC417,None
MUSC,MUSC418,None
MUSC,MUSC428,None
MUSC,MUSC430,None
MUSC,MUSC433,MUSC212
MUSC,MUSC436,None
MUSC,MUSC439,None
MUSC,MUSC440,None
MUSC,MUSC441,None
MUSC,MUSC442,None
MUSC,MUSC442,None
MUSC,MUSC443,None
MUSC,MUSC445,None
MUSC,MUSC447,(MUSC445 AND MUSC446)
MUSC,MUSC448,None
MUSC,MUSC449,None
MUSC,MUSC450,None
MUSC,MUSC451,None
MUSC,MUSC452,MUSC451
MUSC,MUSC454,None
MUSC,MUSC455,None
MUSC,MUSC457,None
MUSC,MUSC459,None
MUSC,MUSC500,None
MUSC,MUSC507,None
MUSC,MUSC508,None
MUSC,MUSC510,None
MUSC,MUSC519,None
MUSC,MUSC530,None
MUSC,MUSC108,None
MUSC,MUSC121,None
MUSC,MUSC201,MUSC103
MUSC,MUSC203,MUSC202
MUSC,MUSC212,MUSC110
MUSC,MUSC220,None
MUSC,MUSC244,None
MUSC,MUSC275,None
MUSC,MUSC285,None
MUSC,MUSC300,None
MUSC,MUSC300,None
MUSC,MUSC405,None
MUSC,MUSC405,None
MUSC,MUSC405,None
MUSC,MUSC405,None
MUSC,MUSC405,None
MUSC,MUSC405,None
MUSC,MUSC405,None
MUSC,MUSC405,None
MUSC,MUSC405,None
MUSC,MUSC405,None
MUSC,MUSC405,None
MUSC,MUSC405,None
MUSC,MUSC405,None
MUSC,MUSC405,None
MUSC,MUSC405,None
MUSC,MUSC405,None
MUSC,MUSC405,None
MUSC,MUSC405,None
MUSC,MUSC405,None
MUSC,MUSC405,None
MUSC,MUSC405,None
MUSC,MUSC405,None
MUSC,MUSC405,None
MUSC,MUSC405,None
MUSC,MUSC405,None
MUSC,MUSC405,None
MUSC,MUSC405,None
MUSC,MUSC405,None
MUSC,MUSC405,None
MUSC,MUSC405,None
MUSC,MUSC405,None
MUSC,MUSC405,None
MUSC,MUSC405,None
MUSC,MUSC405,None
MUSC,MUSC405,None
MUSC,MUSC405,None
MUSC,MUSC405,None
MUSC,MUSC405,None
MUSC,MUSC405,None
MUSC,MUSC405,None
MUSC,MUSC406,None
MUSC,MUSC406,None
MUSC,MUSC406,None
MUSC,MUSC406,None
MUSC,MUSC406,None
MUSC,MUSC406,None
MUSC,MUSC406,None
MUSC,MUSC406,None
MUSC,MUSC406,None
MUSC,MUSC406,None
MUSC,MUSC406,None
MUSC,MUSC406,None
MUSC,MUSC406,None
MUSC,MUSC406,None
MUSC,MUSC406,None
MUSC,MUSC406,None
MUSC,MUSC406,None
MUSC,MUSC406,None
MUSC,MUSC406,None
MUSC,MUSC406,None
MUSC,MUSC406,None
MUSC,MUSC406,None
MUSC,MUSC406,None
MUSC,MUSC406,None
MUSC,MUSC406,None
MUSC,MUSC406,None
MUSC,MUSC406,None
MUSC,MUSC406,None
MUSC,MUSC406,None
MUSC,MUSC406,None
MUSC,MUSC406,None
MUSC,MUSC406,None
MUSC,MUSC406,None
MUSC,MUSC406,None
MUSC,MUSC406,None
MUSC,MUSC406,None
MUSC,MUSC406,None
MUSC,MUSC406,None
MUSC,MUSC406,None
MUSC,MUSC406,None
MUSC,MUSC413,None
MUSC,MUSC414,None
MUSC,MUSC415,None
MUSC,MUSC416,None
MUSC,MUSC417,None
MUSC,MUSC418,None
MUSC,MUSC428,None
MUSC,MUSC433,MUSC212
MUSC,MUSC436,None
MUSC,MUSC438,None
MUSC,MUSC439,None
MUSC,MUSC441,None
MUSC,MUSC442,None
MUSC,MUSC442,None
MUSC,MUSC442,None
MUSC,MUSC443,None
MUSC,MUSC446,MUSC445
MUSC,MUSC447,(MUSC445 AND MUSC446)
MUSC,MUSC448,None
MUSC,MUSC451,None
MUSC,MUSC452,MUSC451
MUSC,MUSC453,None
MUSC,MUSC455,None
MUSC,MUSC456,None
MUSC,MUSC458,None
MUSC,MUSC460,None
MUSC,MUSC464,None
MUSC,MUSC509,None
MUSC,MUSC520,None
MUSC,MUSC530,None
ECON,ECON101,None
ECON,ECON110,MATH118 OR MATH122 OR MATH221 OR MATH222
ECON,ECON110,MATH118 OR MATH122 OR MATH221 OR MATH222
ECON,ECON237,ECON101 or ECON110
ECON,ECON241,ECON110 OR ECON101
ECON,ECON270,ECON101 OR ECON110
ECON,ECON300,ECON110
ECON,ECON300,ECON110
ECON,ECON301,ECON300
ECON,ECON301,ECON300
ECON,ECON302,ECON300
ECON,ECON302,ECON300
ECON,ECON310,ECON301
ECON,ECON314,(ECON300 AND ECON301) OR (ECON300 AND ECON302)
ECON,ECON329,ECON301
ECON,ECON380,(ECON301 AND MATH221 AND MATH222) OR (ECON301 AND MATH223 AND MATH222)
ECON,ECON385,(ECON301 AND MATH221) OR (ECON301 AND MATH223) OR (ECON302 AND MATH221) OR (ECON302 AND MATH223)
ECON,ECON101,None
ECON,ECON110,MATH118 OR MATH122 OR MATH221 OR MATH222
ECON,ECON110,MATH118 OR MATH122 OR MATH221 OR MATH222
ECON,ECON110,MATH118 OR MATH122 OR MATH221 OR MATH222
ECON,ECON213,ECON101 OR ECON110
ECON,ECON261,ECON101 OR ECON110
ECON,ECON263,ECON110 OR ECON101
ECON,ECON300,ECON110
ECON,ECON300,ECON110
ECON,ECON301,ECON300
ECON,ECON301,ECON300
ECON,ECON302,ECON300
ECON,ECON302,ECON300
ECON,ECON328,ECON301 OR ECON302
ECON,ECON331,ECON302
ECON,ECON348,ECON302
ECON,ECON358,ECON302 OR ECON301
ECON,ECON366,ECON301 OR ECON302
ECON,ECON385,(ECON301 AND MATH221) OR (ECON301 AND MATH223) OR (ECON302 AND MATH221) OR (ECON302 AND MATH223)
ARAB,ARAB101,None
ARAB,ARAB201,ARAB101 AND ARAB102
ARAB,ARAB301,None
ARAB,ARAB102,ARAB101
ARAB,ARAB202,ARAB101 AND (ARAB102 OR ARAB201)
ARAB,ARAB311,ARAB201
QAC,QAC201,None
QAC,QAC201,None
QAC,QAC201,None
QAC,QAC201,None
QAC,QAC201,None
QAC,QAC221,None
QAC,QAC260,None
QAC,QAC380,MATH132 OR ECON300 OR PSYC200 OR [QAC201 or SOC257 or GOVT201 or PSYC280 or NS&B280;]
XURS,ANTH232,None
XURS,ARHA258,None
XURS,ARST434,None
XURS,AFAM252,None
XURS,ARHA254,None
XURS,ENGL204,None
XURS,SOC270,SOC151
CHEM,CHEM119,None
CHEM,CHEM119,None
CHEM,CHEM141,None
CHEM,CHEM141,None
CHEM,CHEM141,None
CHEM,CHEM141,None
CHEM,CHEM141,None
CHEM,CHEM141,None
CHEM,CHEM141,None
CHEM,CHEM143,None
CHEM,CHEM143,None
CHEM,CHEM143,None
CHEM,CHEM143,None
CHEM,CHEM143,None
CHEM,CHEM152,None
CHEM,CHEM152,None
CHEM,CHEM152,None
CHEM,CHEM152,None
CHEM,CHEM241,None
CHEM,CHEM251,CHEM142 OR CHEM144
CHEM,CHEM251,CHEM142 OR CHEM144
CHEM,CHEM251,CHEM142 OR CHEM144
CHEM,CHEM251,CHEM142 OR CHEM144
CHEM,CHEM251,CHEM142 OR CHEM144
CHEM,CHEM251,CHEM142 OR CHEM144
CHEM,CHEM251,CHEM142 OR CHEM144
CHEM,CHEM251,CHEM142 OR CHEM144
CHEM,CHEM257,(CHEM141 AND CHEM142 AND CHEM152) OR (CHEM143 AND CHEM144 AND CHEM152)
CHEM,CHEM257,(CHEM141 AND CHEM142 AND CHEM152) OR (CHEM143 AND CHEM144 AND CHEM152)
CHEM,CHEM257,(CHEM141 AND CHEM142 AND CHEM152) OR (CHEM143 AND CHEM144 AND CHEM152)
CHEM,CHEM257,(CHEM141 AND CHEM142 AND CHEM152) OR (CHEM143 AND CHEM144 AND CHEM152)
CHEM,CHEM257,(CHEM141 AND CHEM142 AND CHEM152) OR (CHEM143 AND CHEM144 AND CHEM152)
CHEM,CHEM257,(CHEM141 AND CHEM142 AND CHEM152) OR (CHEM143 AND CHEM144 AND CHEM152)
CHEM,CHEM257,(CHEM141 AND CHEM142 AND CHEM152) OR (CHEM143 AND CHEM144 AND CHEM152)
CHEM,CHEM307,None
CHEM,CHEM325,[MB&B181; or BIOL181] OR [MB&B191; or BIOL191]
CHEM,CHEM337,(CHEM141 AND CHEM142 AND MATH121 AND MATH122) OR (CHEM143 AND CHEM144 AND MATH121 AND MATH122)
CHEM,CHEM359,None
CHEM,CHEM375,(CHEM251 AND CHEM252 AND CHEM257 AND CHEM258)
CHEM,CHEM375,(CHEM251 AND CHEM252 AND CHEM257 AND CHEM258)
CHEM,CHEM375,(CHEM251 AND CHEM252 AND CHEM257 AND CHEM258)
CHEM,CHEM383,(CHEM251 AND CHEM252)
CHEM,CHEM383,(CHEM251 AND CHEM252)
CHEM,CHEM385,[CHEM383 or MB&B383;]
CHEM,CHEM395,(MB&B208; AND CHEM141 AND CHEM142) OR (MB&B208; AND CHEM143 AND CHEM144)
CHEM,CHEM500,None
CHEM,CHEM507,None
CHEM,CHEM521,None
CHEM,CHEM547,None
CHEM,CHEM557,None
CHEM,CHEM587,[CHEM383 or MB&B383;]
CHEM,CHEM132,None
CHEM,CHEM142,CHEM141
CHEM,CHEM142,CHEM141
CHEM,CHEM142,CHEM141
CHEM,CHEM142,CHEM141
CHEM,CHEM142,CHEM141
CHEM,CHEM142,CHEM141
CHEM,CHEM144,CHEM143
CHEM,CHEM144,CHEM143
CHEM,CHEM144,CHEM143
CHEM,CHEM144,CHEM143
CHEM,CHEM144,CHEM143
CHEM,CHEM144,CHEM143
CHEM,CHEM144,CHEM143
CHEM,CHEM152,None
CHEM,CHEM152,None
CHEM,CHEM152,None
CHEM,CHEM152,None
CHEM,CHEM152,None
CHEM,CHEM242,None
CHEM,CHEM252,CHEM251
CHEM,CHEM252,CHEM251
CHEM,CHEM252,CHEM251
CHEM,CHEM252,CHEM251
CHEM,CHEM252,CHEM251
CHEM,CHEM252,CHEM251
CHEM,CHEM258,(CHEM251 AND CHEM257)
CHEM,CHEM258,(CHEM251 AND CHEM257)
CHEM,CHEM258,(CHEM251 AND CHEM257)
CHEM,CHEM258,(CHEM251 AND CHEM257)
CHEM,CHEM258,(CHEM251 AND CHEM257)
CHEM,CHEM258,(CHEM251 AND CHEM257)
CHEM,CHEM308,None
CHEM,CHEM321,(CHEM251 AND [CHEM383 or MB&B383;])
CHEM,CHEM338,(MATH121 AND MATH122 AND CHEM141 AND CHEM142) OR (MATH121 AND MATH122 AND CHEM143 AND CHEM144)
CHEM,CHEM376,CHEM375
CHEM,CHEM376,CHEM375
CHEM,CHEM379,CHEM257 AND CHEM258
CHEM,CHEM381,(CHEM141 AND CHEM142 AND MATH117 AND CHEM251) OR (CHEM143 AND CHEM144 AND MATH121 AND CHEM251)
CHEM,CHEM382,None
CHEM,CHEM508,None
CHEM,CHEM522,None
CHEM,CHEM548,None
CHEM,CHEM558,None
CHEM,CHEM588,[CHEM383 or MB&B383;]
FILM,FILM104,None
FILM,FILM307,None
FILM,FILM309,(FILM304 AND FILM310)
FILM,FILM310,None
FILM,FILM310,None
FILM,FILM310,None
FILM,FILM310,None
FILM,FILM310,None
FILM,FILM342,(FILM304 AND FILM307) OR (FILM304 AND FILM310) OR (FILM307 AND FILM310)
FILM,FILM348,(FILM304 AND FILM310)
FILM,FILM349,None
FILM,FILM360,None
FILM,FILM367,FILM304 AND FILM310
FILM,FILM385,None
FILM,FILM385,None
FILM,FILM450,None
FILM,FILM451,None
FILM,FILM452,None
FILM,FILM456,FILM450 OR FILM451
FILM,FILM456,FILM450 OR FILM451
FILM,FILM456,FILM450 OR FILM451
FILM,FILM460,FILM304 OR FILM310
FILM,FILM319,None
FILM,FILM320,None
FILM,FILM343,(FILM304 AND FILM310)
FILM,FILM346,(FILM304 AND FILM310)
FILM,FILM355,None
FILM,FILM368,[FILM304 AND FILM310] OR [FILM304 AND FILM307] OR [FILM307 AND FILM310]
FILM,FILM414,(FILM304 AND FILM310)
FILM,FILM414,(FILM304 AND FILM310)
FILM,FILM414,(FILM304 AND FILM310)
FILM,FILM450,None
FILM,FILM451,None
FILM,FILM451,None
FILM,FILM454,FILM304 OR FILM310
FILM,FILM454,FILM304 OR FILM310
FILM,FILM457,FILM450 OR FILM451
FILM,FILM457,FILM450 OR FILM451
FILM,FILM457,FILM450 OR FILM451
FILM,FILM459,None
LAST,LAST200,None
LAST,LAST226,None
LAST,LAST250,None
LAST,LAST266,None
LAST,LAST288,None
LAST,LAST296,None
LAST,LAST300,None
LAST,LAST302,None
LAST,LAST311,None
LAST,LAST340,None
LAST,LAST219,ECON101 OR ECON110
LAST,LAST226,None
LAST,LAST245,None
LAST,LAST247,None
LAST,LAST256,None
LAST,LAST271,None
LAST,LAST285,None
RELI,HEBR101,None
RELI,HEBR201,HEBR102
RELI,HEBR211,HEBR202
RELI,RELI151,None
RELI,RELI151,None
RELI,RELI201,None
RELI,RELI212,None
RELI,RELI215,None
RELI,RELI233,None
RELI,RELI239,None
RELI,RELI253,None
RELI,RELI261,None
RELI,RELI270,None
RELI,RELI292,None
RELI,RELI292,None
RELI,RELI381,None
RELI,HEBR102,HEBR101
RELI,HEBR202,HEBR201
RELI,RELI151,None
RELI,RELI221,None
RELI,RELI221,None
RELI,RELI240,None
RELI,RELI285,None
RELI,RELI286,None
RELI,RELI298,None
RELI,RELI302,None
RELI,RELI355,None
RELI,RELI372,None
RELI,RELI385,None
RELI,RELI395,None
RELI,RELI396,None
RELI,RELI398,None
CES,ANTH232,None
CES,ARHA258,None
CES,BIOL197,None
CES,BIOL214,([MB&B181; or BIOL181] AND [BIOL182 or MB&B182;]) OR ([MB&B181; or BIOL181] AND [BIOL196 or MB&B196;]) OR ([MB&B195; or BIOL195] AND [BIOL182 or MB&B182;] ) OR ([MB&B195; or BIOL195] AND [BIOL196 or MB&B196;])
CES,BIOL220,[BIOL182 or MB&B182;] OR [BIOL196 or MB&B196;]
CES,BIOL226,[E&ES197; or BIOL197] OR [BIOL182 or MB&B182;] OR E&ES199;
CES,BIOL320,None
CES,BIOL327,[BIOL182 or MB&B182;] OR [BIOL196 or MB&B196;] OR COMP112 OR COMP211
CES,BIOL507,None
CES,CHEM557,None
CES,CHEM587,[CHEM383 or MB&B383;]
CES,E&ES223,E&ES101; OR E&ES199; OR E&ES115; OR [E&ES197; or BIOL197]
CES,ECON310,ECON301
CES,ENVS252,None
CES,ENVS285,[E&ES197; or BIOL197] OR E&ES199;
CES,GOVT304,None
CES,GOVT331,None
CES,GOVT344,None
CES,HIST221,None
CES,NS&B254,[BIOL182 or MB&B182;] OR [BIOL196 or MB&B196;] OR [NS&B213; or BIOL213 or PSYC240]
CES,NS&B254,[BIOL182 or MB&B182;] OR [BIOL196 or MB&B196;] OR [NS&B213; or BIOL213 or PSYC240]
CES,PHIL212,None
CES,SISP202,None
CES,ANTH349,None
CES,BIOL223,None
CES,BIOL318,BIOL214 OR BIOL218 OR [BIOL254 or NS&B254;] OR [BIOL224 or NS&B224;]
CES,BIOL508,None
CES,CCIV225,None
CES,E&ES199,None
CES,E&ES233,E&ES101; OR E&ES115; OR E&ES199; OR [E&ES197; or BIOL197]
CES,E&ES280,None
CES,E&ES317,E&ES101;
CES,ENVS201,[E&ES197; or BIOL197] OR E&ES199;
CES,ENVS222,None
CES,ENVS281,None
CES,ENVS305,None
CES,ENVS307,None
CES,ENVS347,None
CES,ENVS361,None
CES,ENVS377,None
CES,GOVT221,None
CES,GOVT322,None
CES,MB&B381,(CHEM141 AND CHEM142 AND MATH117 AND CHEM251) OR (CHEM143 AND CHEM144 AND MATH121 AND CHEM251)
CES,SISP205,None
ASTR,ASTR103,None
ASTR,ASTR103,None
ASTR,ASTR103,None
ASTR,ASTR103,None
ASTR,ASTR105,None
ASTR,ASTR105,None
ASTR,ASTR155,None
ASTR,ASTR231,(PHYS213 AND PHYS214 AND ASTR155 AND ASTR211)
ASTR,ASTR430,ASTR155 OR ASTR211
ASTR,ASTR500,None
ASTR,ASTR531,(PHYS213 AND PHYS214 AND ASTR155 AND ASTR211)
ASTR,ASTR105,None
ASTR,ASTR105,None
ASTR,ASTR108,None
ASTR,ASTR111,None
ASTR,ASTR211,ASTR105 OR ASTR107 OR [E&ES151; or ASTR103] OR ASTR155
ASTR,ASTR221,(ASTR155 AND ASTR211)
ASTR,ASTR431,ASTR155 OR ASTR211
ASTR,ASTR521,(ASTR155 AND ASTR211)
AMST,AMST120,None
AMST,AMST125,None
AMST,AMST175,None
AMST,AMST200,None
AMST,AMST202,None
AMST,AMST204,None
AMST,AMST225,None
AMST,AMST229,None
AMST,AMST230,None
AMST,AMST233,None
AMST,AMST237,None
AMST,AMST241,None
AMST,AMST243,None
AMST,AMST244,SOC151
AMST,AMST248,None
AMST,AMST253,None
AMST,AMST255,None
AMST,AMST259,PSYC105
AMST,AMST259,PSYC105
AMST,AMST262,None
AMST,AMST269,None
AMST,AMST275,None
AMST,AMST278,None
AMST,AMST284,None
AMST,AMST293,None
AMST,AMST311,None
AMST,AMST314,None
AMST,AMST317,None
AMST,AMST321,ANTH101
AMST,AMST332,None
AMST,AMST338,None
AMST,AMST398,None
AMST,AMST176,None
AMST,AMST201,None
AMST,AMST208,None
AMST,AMST218,None
AMST,AMST221,None
AMST,AMST235,None
AMST,AMST236,None
AMST,AMST238,None
AMST,AMST247,None
AMST,AMST256,None
AMST,AMST257,None
AMST,AMST260,None
AMST,AMST264,None
AMST,AMST267,None
AMST,AMST274,ECON101 OR ECON110
AMST,AMST291,None
AMST,AMST309,None
AMST,AMST316,None
AMST,AMST318,None
AMST,AMST330,None
AMST,AMST344,None
AMST,AMST352,None
AMST,AMST371,None
CSPL,CSPL201,None
CSPL,CSPL210,None
CSPL,CSPL493,None
CSPL,CSPL493,None
CCIV,CCIV124,None
CCIV,CCIV201,None
CCIV,CCIV212,None
CCIV,CCIV217,None
CCIV,CCIV231,None
CCIV,CCIV281,None
CCIV,CCIV393,None
CCIV,CCIV202,None
CCIV,CCIV225,None
CCIV,CCIV283,None
GELT,GELT239,None
GELT,GELT253,None
JAPN,JAPN103,None
JAPN,JAPN103,None
JAPN,JAPN205,[JAPN104 or EAST104]
JAPN,JAPN217,[JAPN206 or EAST206]
JAPN,JAPN219,[JAPN218 or EAST218]
JAPN,JAPN104,[JAPN103 or EAST103]
JAPN,JAPN206,[JAPN205 or EAST205]
JAPN,JAPN218,[JAPN217 or EAST217]
JAPN,JAPN220,[JAPN219 or EAST219]
LAT,LAT101,None
LAT,LAT201,None
LAT,LAT253,None
LAT,LAT102,LAT101
LAT,LAT202,None
LAT,LAT231,None
COE,ARHA258,None
COE,BIOL197,None
COE,BIOL214,([MB&B181; or BIOL181] AND [BIOL182 or MB&B182;]) OR ([MB&B181; or BIOL181] AND [BIOL196 or MB&B196;]) OR ([MB&B195; or BIOL195] AND [BIOL182 or MB&B182;] ) OR ([MB&B195; or BIOL195] AND [BIOL196 or MB&B196;])
COE,BIOL254,[BIOL182 or MB&B182;] OR [BIOL196 or MB&B196;] OR [NS&B213; or BIOL213 or PSYC240]
COE,BIOL254,[BIOL182 or MB&B182;] OR [BIOL196 or MB&B196;] OR [NS&B213; or BIOL213 or PSYC240]
COE,BIOL320,None
COE,BIOL327,[BIOL182 or MB&B182;] OR [BIOL196 or MB&B196;] OR COMP112 OR COMP211
COE,BIOL507,None
COE,CHEM557,None
COE,CHEM587,[CHEM383 or MB&B383;]
COE,E&ES223,E&ES101; OR E&ES199; OR E&ES115; OR [E&ES197; or BIOL197]
COE,ECON310,ECON301
COE,ENVS212,None
COE,ENVS220,[BIOL182 or MB&B182;] OR [BIOL196 or MB&B196;]
COE,ENVS252,None
COE,ENVS285,[E&ES197; or BIOL197] OR E&ES199;
COE,ENVS391,None
COE,GOVT304,None
COE,HIST221,None
COE,SISP202,None
COE,ANTH349,None
COE,BIOL223,None
COE,BIOL318,BIOL214 OR BIOL218 OR [BIOL254 or NS&B254;] OR [BIOL224 or NS&B224;]
COE,CCIV225,None
COE,E&ES199,None
COE,E&ES317,E&ES101;
COE,ENVS201,[E&ES197; or BIOL197] OR E&ES199;
COE,ENVS205,None
COE,ENVS221,None
COE,ENVS222,None
COE,ENVS233,E&ES101; OR E&ES115; OR E&ES199; OR [E&ES197; or BIOL197]
COE,ENVS280,None
COE,ENVS281,None
COE,ENVS305,None
COE,ENVS307,None
COE,ENVS347,None
COE,ENVS361,None
COE,ENVS377,None
COE,ENVS392,None
COE,MB&B381,(CHEM141 AND CHEM142 AND MATH117 AND CHEM251) OR (CHEM143 AND CHEM144 AND MATH121 AND CHEM251)
MDST,MDST203,None
MDST,MDST214,None
MDST,MDST215,None
MDST,MDST225,None
MDST,MDST235,None
MDST,MDST242,None
MDST,MDST247,None
MDST,MDST251,None
MDST,MDST254,None
MDST,MDST351,None
MDST,MDST207,None
MDST,MDST212,None
MDST,MDST238,None
CMB,CHEM307,None
CMB,CHEM325,[MB&B181; or BIOL181] OR [MB&B191; or BIOL191]
CMB,CHEM383,(CHEM251 AND CHEM252)
CMB,CHEM383,(CHEM251 AND CHEM252)
CMB,CHEM385,[CHEM383 or MB&B383;]
CMB,CHEM395,(MB&B208; AND CHEM141 AND CHEM142) OR (MB&B208; AND CHEM143 AND CHEM144)
CMB,CHEM521,None
CMB,CHEM587,[CHEM383 or MB&B383;]
CMB,MB&B208,([MB&B181; or BIOL181] AND [BIOL182 or MB&B182;]) OR ([MB&B195; or BIOL195] AND [BIOL182 or MB&B182;])
CMB,CHEM308,None
CMB,CHEM382,None
CMB,CHEM588,[CHEM383 or MB&B383;]
CMB,MB&B381,(CHEM141 AND CHEM142 AND MATH117 AND CHEM251) OR (CHEM143 AND CHEM144 AND MATH121 AND CHEM251)
EES,E&ES151,None
EES,E&ES151,None
EES,E&ES151,None
EES,E&ES151,None
EES,E&ES154,None
EES,E&ES197,None
EES,E&ES223,E&ES101; OR E&ES199; OR E&ES115; OR [E&ES197; or BIOL197]
EES,E&ES225,E&ES101; OR E&ES199; OR E&ES115; OR [E&ES197; or BIOL197]
EES,E&ES320,None
EES,E&ES356,[E&ES197; or BIOL197] OR [BIOL182 or MB&B182;] OR E&ES199;
EES,E&ES380,E&ES101; OR E&ES213;
EES,E&ES381,E&ES213; AND E&ES215;
EES,E&ES397,None
EES,E&ES500,None
EES,E&ES520,None
EES,E&ES557,None
EES,E&ES580,E&ES101; OR E&ES213;
EES,E&ES120,None
EES,E&ES155,None
EES,E&ES195,None
EES,E&ES199,None
EES,E&ES229,E&ES101; OR E&ES115; OR E&ES199; OR [E&ES197; or BIOL197]
EES,E&ES233,E&ES101; OR E&ES115; OR E&ES199; OR [E&ES197; or BIOL197]
EES,E&ES280,None
EES,E&ES281,None
EES,E&ES317,E&ES101;
EES,E&ES319,None
EES,E&ES361,None
EES,E&ES398,None
EES,E&ES517,E&ES101;
EES,E&ES557,None
PSYC,PSYC105,None
PSYC,PSYC111,None
PSYC,PSYC131,None
PSYC,PSYC200,None
PSYC,PSYC206,PSYC105
PSYC,PSYC208,PSYC105
PSYC,PSYC213,PSYC105
PSYC,PSYC213,PSYC105
PSYC,PSYC213,PSYC105
PSYC,PSYC220,PSYC105 OR [NS&B213; or BIOL213 or PSYC240]
PSYC,PSYC230,PSYC105
PSYC,PSYC240,None
PSYC,PSYC251,PSYC105
PSYC,PSYC258,PSYC105
PSYC,PSYC259,PSYC105
PSYC,PSYC259,PSYC105
PSYC,PSYC260,None
PSYC,PSYC261,None
PSYC,PSYC280,None
PSYC,PSYC280,None
PSYC,PSYC280,None
PSYC,PSYC280,None
PSYC,PSYC280,None
PSYC,PSYC292,None
PSYC,PSYC309,PSYC105 AND PSYC260
PSYC,PSYC339,None
PSYC,PSYC365,PSYC105
PSYC,PSYC392,None
PSYC,PSYC500,None
PSYC,PSYC105,None
PSYC,PSYC105,None
PSYC,PSYC200,None
PSYC,PSYC200,None
PSYC,PSYC200,None
PSYC,PSYC200,None
PSYC,PSYC204,PSYC261
PSYC,PSYC230,PSYC105
PSYC,PSYC251,PSYC105
PSYC,PSYC260,None
PSYC,PSYC265,PSYC105
PSYC,PSYC277,PSYC105
PSYC,PSYC316,None
PSYC,PSYC329,None
PSYC,PSYC331,None
PSYC,PSYC357,None
PSYC,PSYC380,PSYC105
PSYC,PSYC383,None
PSYC,PSYC391,None
PSYC,PSYC394,PSYC260
PSYC,PSYC395,MATH132 OR ECON300 OR PSYC200 OR [QAC201 or SOC257 or GOVT201 or PSYC280 or NS&B280;]
IBST,IBST221,None
IBST,IBST221,None
IBST,IBST221,None
IBST,IBST221,None
IBST,IBST236,None
IBST,IBST254,None
IBST,IBST255,None
IBST,IBST221,None
IBST,IBST221,None
IBST,IBST231,None
IBST,IBST251,None
IBST,IBST273,None
PORT,PORT155,FREN112 OR ITAL112 OR SPAN112
PORT,PORT156,PORT155 or LANG155
CEC,ASTR430,ASTR155 OR ASTR211
CEC,BIOL131,None
CEC,CHEM241,None
CEC,E&ES197,None
CEC,GOVT151,None
CEC,GOVT151,None
CEC,GOVT151,None
CEC,GOVT159,None
CEC,GOVT343,None
CEC,GOVT344,None
CEC,GOVT346,None
CEC,GOVT398,None
CEC,HIST237,None
CEC,HIST240,None
CEC,PHIL212,None
CEC,PHIL271,[PHIL212 or ENVS212] OR PHIL214 OR [PHIL215 or ENVS215] OR PHIL217 OR PHIL218
CEC,PSYC206,PSYC105
CEC,PSYC220,PSYC105 OR [NS&B213; or BIOL213 or PSYC240]
CEC,PSYC251,PSYC105
CEC,PSYC259,PSYC105
CEC,PSYC259,PSYC105
CEC,SOC250,SOC151
CEC,SOC273,SOC151
CEC,SOC315,None
CEC,ARST436,ARST435
CEC,BIOL223,None
CEC,BIOL318,BIOL214 OR BIOL218 OR [BIOL254 or NS&B254;] OR [BIOL224 or NS&B224;]
CEC,CHEM242,None
CEC,E&ES281,None
CEC,ECON213,ECON101 OR ECON110
CEC,GOVT151,None
CEC,GOVT159,None
CEC,GOVT355,None
CEC,HIST234,None
CEC,HIST267,None
CEC,PSYC251,PSYC105
CEC,PSYC329,None
CEC,RELI221,None
CEC,RELI221,None
CEC,SOC260,SOC151
CEC,SOC302,None
XCHS,GOVT344,None
XCHS,MUSC274,None
XCHS,MUSC448,None
XCHS,RELI201,None
XCHS,RELI212,None
XCHS,ENGL207,None
XCHS,HIST202,None
XCHS,HIST282,None
XCHS,MUSC448,None
XCHS,RELI286,None
HIST,HIST101,None
HIST,HIST111,None
HIST,HIST118,None
HIST,HIST122,None
HIST,HIST129,None
HIST,HIST138,None
HIST,HIST179,None
HIST,HIST181,None
HIST,HIST203,None
HIST,HIST204,None
HIST,HIST215,None
HIST,HIST221,None
HIST,HIST226,None
HIST,HIST229,None
HIST,HIST231,None
HIST,HIST237,None
HIST,HIST240,None
HIST,HIST247,None
HIST,HIST252,None
HIST,HIST263,None
HIST,HIST263,None
HIST,HIST294,None
HIST,HIST294,None
HIST,HIST296,None
HIST,HIST320,None
HIST,HIST346,None
HIST,HIST362,None
HIST,HIST362,None
HIST,HIST362,None
HIST,HIST374,None
HIST,HIST375,None
HIST,HIST377,None
HIST,HIST138,None
HIST,HIST153,None
HIST,HIST159,None
HIST,HIST160,None
HIST,HIST182,None
HIST,HIST202,None
HIST,HIST214,None
HIST,HIST223,None
HIST,HIST234,None
HIST,HIST236,None
HIST,HIST238,None
HIST,HIST241,None
HIST,HIST242,None
HIST,HIST245,None
HIST,HIST256,None
HIST,HIST266,None
HIST,HIST267,None
HIST,HIST280,None
HIST,HIST282,None
HIST,HIST285,None
HIST,HIST302,None
HIST,HIST307,None
HIST,HIST308,None
HIST,HIST309,None
HIST,HIST313,None
HIST,HIST317,None
HIST,HIST323,None
HIST,HIST330,None
HIST,HIST337,None
HIST,HIST342,None
HIST,HIST356,None
HIST,HIST395,None
NONS,ASTR105,None
NONS,ASTR105,None
NONS,ASTR155,None
NONS,BIOL106,None
NONS,BIOL140,None
NONS,BIOL140,None
NONS,CHEM141,None
NONS,CHEM141,None
NONS,CHEM141,None
NONS,CHEM141,None
NONS,CHEM141,None
NONS,CHEM141,None
NONS,CHEM141,None
NONS,CHEM143,None
NONS,CHEM143,None
NONS,CHEM143,None
NONS,CHEM143,None
NONS,CHEM143,None
NONS,CHEM152,None
NONS,CHEM152,None
NONS,CHEM152,None
NONS,CHEM152,None
NONS,COMP112,None
NONS,COMP112,None
NONS,COMP211,None
NONS,COMP211,None
NONS,E&ES197,None
NONS,MATH107,None
NONS,MATH117,None
NONS,MATH117,None
NONS,MATH117,None
NONS,MATH117,None
NONS,MATH121,None
NONS,MATH121,None
NONS,MATH121,None
NONS,MATH122,None
NONS,MATH122,None
NONS,MATH132,None
NONS,MB&B119,None
NONS,MB&B119,None
NONS,MB&B181,None
NONS,MB&B181,None
NONS,MB&B181,None
NONS,MB&B181,None
NONS,MB&B181,None
NONS,MB&B181,None
NONS,MB&B181,None
NONS,MB&B181,None
NONS,MB&B181,None
NONS,MB&B181,None
NONS,MB&B191,None
NONS,MB&B191,None
NONS,MB&B191,None
NONS,MB&B191,None
NONS,MB&B191,None
NONS,PHYS111,None
NONS,PHYS113,None
NONS,PHYS113,None
NONS,PHYS113,None
NONS,PHYS113,None
NONS,PHYS121,None
NONS,PHYS121,None
NONS,PHYS121,None
NONS,PHYS121,None
NONS,PHYS121,None
NONS,PHYS121,None
NONS,PHYS121,None
NONS,PHYS121,None
NONS,PHYS123,None
NONS,PHYS123,None
NONS,PHYS123,None
NONS,PHYS123,None
NONS,ASTR105,None
NONS,ASTR105,None
NONS,BIOL106,None
NONS,BIOL106,None
NONS,BIOL145,None
NONS,BIOL148,None
NONS,BIOL182,[MB&B181; or BIOL181]
NONS,BIOL192,[MB&B191; or BIOL191]
NONS,BIOL192,[MB&B191; or BIOL191]
NONS,BIOL192,[MB&B191; or BIOL191]
NONS,BIOL192,[MB&B191; or BIOL191]
NONS,BIOL192,[MB&B191; or BIOL191]
NONS,CHEM142,CHEM141
NONS,CHEM142,CHEM141
NONS,CHEM142,CHEM141
NONS,CHEM142,CHEM141
NONS,CHEM142,CHEM141
NONS,CHEM142,CHEM141
NONS,CHEM144,CHEM143
NONS,CHEM144,CHEM143
NONS,CHEM144,CHEM143
NONS,CHEM144,CHEM143
NONS,CHEM144,CHEM143
NONS,CHEM144,CHEM143
NONS,CHEM144,CHEM143
NONS,CHEM152,None
NONS,CHEM152,None
NONS,CHEM152,None
NONS,CHEM152,None
NONS,CHEM152,None
NONS,COMP112,None
NONS,COMP112,None
NONS,COMP131,None
NONS,E&ES155,None
NONS,E&ES199,None
NONS,MATH111,None
NONS,MATH118,None
NONS,MATH118,None
NONS,MATH118,None
NONS,MATH122,None
NONS,MATH122,None
NONS,MATH122,None
NONS,MATH132,None
NONS,PHYS112,None
NONS,PHYS116,PHYS113
NONS,PHYS122,None
NONS,PHYS122,None
NONS,PHYS122,None
NONS,PHYS122,None
NONS,PHYS122,None
NONS,PHYS122,None
NONS,PHYS122,None
NONS,PHYS122,None
NONS,PHYS124,PHYS113 OR PHYS123
NONS,PHYS124,PHYS113 OR PHYS123
NONS,PHYS124,PHYS113 OR PHYS123
NONS,PHYS124,PHYS113 OR PHYS123
RUSS,RUSS101,None
RUSS,RUSS201,(RUSS101 AND RUSS102)
RUSS,RUSS205,None
RUSS,RUSS232,None
RUSS,RUSS240,None
RUSS,RUSS250,RUSS202
RUSS,RUSS301,RUSS202
RUSS,RUSS340,None
RUSS,RUSS102,RUSS101
RUSS,RUSS202,RUSS101 AND RUSS102 AND RUSS201
RUSS,RUSS206,None
RUSS,RUSS252,None
RUSS,RUSS279,None
RUSS,RUSS302,RUSS301
DANC,DANC103,None
DANC,DANC111,None
DANC,DANC111,None
DANC,DANC211,None
DANC,DANC215,None
DANC,DANC249,None
DANC,DANC252,None
DANC,DANC261,None
DANC,DANC301,None
DANC,DANC302,None
DANC,DANC309,DANC215
DANC,DANC362,None
DANC,DANC371,None
DANC,DANC374,None
DANC,DANC375,None
DANC,DANC435,None
DANC,DANC445,None
DANC,DANC111,None
DANC,DANC111,None
DANC,DANC202,None
DANC,DANC211,None
DANC,DANC215,None
DANC,DANC250,None
DANC,DANC260,None
DANC,DANC261,None
DANC,DANC302,None
DANC,DANC309,DANC215
DANC,DANC360,None
DANC,DANC377,None
DANC,DANC435,None
DANC,DANC445,None
PHED,PHED101,None
PHED,PHED101,None
PHED,PHED104,None
PHED,PHED106,None
PHED,PHED106,None
PHED,PHED107,None
PHED,PHED116,None
PHED,PHED118,None
PHED,PHED118,None
PHED,PHED118,None
PHED,PHED118,None
PHED,PHED120,None
PHED,PHED120,None
PHED,PHED121,None
PHED,PHED122,None
PHED,PHED122,None
PHED,PHED122,None
PHED,PHED124,None
PHED,PHED124,None
PHED,PHED127,None
PHED,PHED130,None
PHED,PHED137,None
PHED,PHED138,None
PHED,PHED138,None
PHED,PHED138,None
PHED,PHED152,None
PHED,PHED169,None
PHED,PHED170,PHED137
PHED,PHED101,None
PHED,PHED101,None
PHED,PHED102,None
PHED,PHED104,None
PHED,PHED106,None
PHED,PHED106,None
PHED,PHED107,None
PHED,PHED116,None
PHED,PHED118,None
PHED,PHED118,None
PHED,PHED118,None
PHED,PHED118,None
PHED,PHED119,None
PHED,PHED120,None
PHED,PHED122,None
PHED,PHED122,None
PHED,PHED124,None
PHED,PHED124,None
PHED,PHED130,None
PHED,PHED137,None
PHED,PHED138,None
PHED,PHED138,None
PHED,PHED138,None
PHED,PHED138,None
PHED,PHED139,None
PHED,PHED140,None
PHED,PHED145,None
CHUM,CHUM340,None
CHUM,CHUM342,None
CHUM,CHUM348,None
CHUM,CHUM381,None
CHUM,CHUM214,None
CHUM,CHUM344,None
CHUM,CHUM356,None
CHUM,CHUM358,None
CHUM,CHUM370,None
CHUM,CHUM372,None
CHUM,CHUM381,None
CSA,ARHA181,None
CSA,ARHA286,None
CSA,DANC261,None
CSA,DANC362,None
CSA,HIST181,None
CSA,MUSC110,None
CSA,MUSC430,None
CSA,MUSC433,MUSC212
CSA,MUSC451,None
CSA,MUSC452,MUSC451
CSA,ARHA290,None
CSA,DANC261,None
CSA,HIST285,None
CSA,MUSC212,MUSC110
CSA,MUSC433,MUSC212
CSA,MUSC451,None
CSA,MUSC452,MUSC451
CSA,RELI221,None
CSA,RELI221,None
CJS,ENGL351,None
CJS,GOVT270,None
CJS,GOVT344,None
CJS,HEBR101,None
CJS,HEBR201,HEBR102
CJS,HEBR211,HEBR202
CJS,HIST247,None
CJS,HIST263,None
CJS,HIST263,None
CJS,RELI201,None
CJS,RELI233,None
CJS,GOVT272,None
CJS,GOVT305,None
CJS,HEBR102,HEBR101
CJS,HEBR202,HEBR201
CJS,HIST267,None
CJS,HIST308,None
CJS,RELI372,None
CJS,RELI396,None
GRK,GRK102,GRK101
GRK,GRK365,None
GRK,GRK101,None
GRK,GRK201,None
GRK,GRK311,None
CSS,CSS220,None
CSS,CSS230,None
CSS,CSS240,None
CSS,CSS271,None
CSS,CSS391,None
CSS,CSS220,None
CSS,CSS220,None
CSS,CSS230,None
CSS,CSS230,None
CSS,CSS240,None
CSS,CSS240,None
CSS,CSS320,None
CSS,CSS320,None
CSS,CSS330,None
CSS,CSS330,None
CSS,CSS340,None
CSS,CSS340,None
CSS,CSS371,None
WLIT,ALIT225,None
WLIT,CCIV231,None
WLIT,CCIV281,None
WLIT,COL112,None
WLIT,COL239,None
WLIT,ENGL132,None
WLIT,ENGL235,None
WLIT,ENGL251,None
WLIT,ENGL270,None
WLIT,ENGL295,None
WLIT,ENGL351,None
WLIT,FIST276,None
WLIT,RUSS205,None
WLIT,RUSS232,None
WLIT,RUSS240,None
WLIT,ALIT202,None
WLIT,ALIT215,None
WLIT,CCIV202,None
WLIT,COL234,None
WLIT,COL249,None
WLIT,ENGL223,None
WLIT,ENGL243,None
WLIT,ENGL275,None
WLIT,GRST230,None
WLIT,RUSS206,None
WLIT,RUSS252,None
WLIT,RUSS279,None
FRST,FRST232,None
FRST,FRST241,None
FRST,FRST297,None
FRST,FRST299,None
FRST,FRST339,None
XSER,ARCP325,None
XSER,ASTR430,ASTR155 OR ASTR211
XSER,BIOL131,None
XSER,CHEM241,None
XSER,CSPL210,None
XSER,PSYC206,PSYC105
XSER,SOC273,SOC151
XSER,SOC315,None
XSER,ARST436,ARST435
XSER,BIOL223,None
XSER,CHEM242,None
XSER,E&ES281,None
XSER,HIST267,None
ARHA,ARHA181,None
ARHA,ARHA202,None
ARHA,ARHA224,None
ARHA,ARHA241,None
ARHA,ARHA258,None
ARHA,ARHA260,None
ARHA,ARHA271,None
ARHA,ARHA286,None
ARHA,ARHA296,None
ARHA,ARHA299,None
ARHA,ARHA322,None
ARHA,ARHA362,None
ARHA,ARHA373,None
ARHA,ARHA110,None
ARHA,ARHA233,None
ARHA,ARHA253,None
ARHA,ARHA254,None
ARHA,ARHA290,None
ARHA,ARHA339,None
ARHA,ARHA358,None
ARHA,ARHA383,None
MATH,MATH107,None
MATH,MATH117,None
MATH,MATH117,None
MATH,MATH117,None
MATH,MATH117,None
MATH,MATH121,None
MATH,MATH121,None
MATH,MATH121,None
MATH,MATH122,None
MATH,MATH122,None
MATH,MATH132,None
MATH,MATH211,None
MATH,MATH221,None
MATH,MATH221,None
MATH,MATH222,None
MATH,MATH222,None
MATH,MATH226,(MATH222 AND MATH221) OR (MATH222 AND MATH223)
MATH,MATH228,None
MATH,MATH231,[MATH117 AND MATH118] OR [MATH121 AND MATH122]
MATH,MATH241,None
MATH,MATH261,MATH221 OR MATH223
MATH,MATH261,MATH221 OR MATH223
MATH,MATH500,None
MATH,MATH513,None
MATH,MATH515,None
MATH,MATH523,None
MATH,MATH525,None
MATH,MATH543,None
MATH,MATH545,None
MATH,MATH111,None
MATH,MATH118,None
MATH,MATH118,None
MATH,MATH118,None
MATH,MATH122,None
MATH,MATH122,None
MATH,MATH122,None
MATH,MATH132,None
MATH,MATH221,None
MATH,MATH222,None
MATH,MATH222,None
MATH,MATH223,None
MATH,MATH223,None
MATH,MATH225,(MATH222 AND MATH221) OR (MATH222 AND MATH223)
MATH,MATH225,(MATH222 AND MATH221) OR (MATH222 AND MATH223)
MATH,MATH228,None
MATH,MATH229,MATH222
MATH,MATH244,None
MATH,MATH262,None
MATH,MATH272,None
MATH,MATH514,None
MATH,MATH516,MATH513
MATH,MATH524,None
MATH,MATH526,None
MATH,MATH544,None
ENGL,ENGL130,None
ENGL,ENGL132,None
ENGL,ENGL141,None
ENGL,ENGL150,None
ENGL,ENGL175,None
ENGL,ENGL199,None
ENGL,ENGL199,None
ENGL,ENGL199,None
ENGL,ENGL201H,None
ENGL,ENGL201L,None
ENGL,ENGL201M,None
ENGL,ENGL201N,None
ENGL,ENGL203,None
ENGL,ENGL205,None
ENGL,ENGL212,None
ENGL,ENGL222,None
ENGL,ENGL224,None
ENGL,ENGL235,None
ENGL,ENGL236,None
ENGL,ENGL239,None
ENGL,ENGL240,None
ENGL,ENGL241,None
ENGL,ENGL251,None
ENGL,ENGL258,None
ENGL,ENGL262,None
ENGL,ENGL270,None
ENGL,ENGL279,None
ENGL,ENGL292,None
ENGL,ENGL295,None
ENGL,ENGL296,None
ENGL,ENGL299,THEA199
ENGL,ENGL300,None
ENGL,ENGL314,None
ENGL,ENGL325,None
ENGL,ENGL329,None
ENGL,ENGL331,None
ENGL,ENGL333,None
ENGL,ENGL336,None
ENGL,ENGL339,None
ENGL,ENGL341,None
ENGL,ENGL346,None
ENGL,ENGL351,None
ENGL,ENGL110,None
ENGL,ENGL130,None
ENGL,ENGL131,None
ENGL,ENGL140,None
ENGL,ENGL151,None
ENGL,ENGL201B,None
ENGL,ENGL201E,None
ENGL,ENGL201K,None
ENGL,ENGL204,None
ENGL,ENGL207,None
ENGL,ENGL223,None
ENGL,ENGL227,None
ENGL,ENGL228,None
ENGL,ENGL230,None
ENGL,ENGL232,None
ENGL,ENGL243,None
ENGL,ENGL247,None
ENGL,ENGL253,None
ENGL,ENGL255,None
ENGL,ENGL271,None
ENGL,ENGL275,None
ENGL,ENGL311,None
ENGL,ENGL316,None
ENGL,ENGL326,None
ENGL,ENGL337,None
ENGL,ENGL342,None
ENGL,ENGL372,None
ENGL,ENGL374,None
ENGL,ENGL378,None
ENGL,ENGL380,None
ENGL,ENGL399,[THEA199 or ENGL199] OR [THEA299 or ENGL299]
ITAL,ITAL101,None
ITAL,ITAL101,None
ITAL,ITAL101,None
ITAL,ITAL111,ITAL102
ITAL,ITAL111,ITAL102
ITAL,ITAL221,ITAL112
ITAL,ITAL239,(ITAL221 AND ITAL222)
ITAL,ITAL102,ITAL101
ITAL,ITAL102,ITAL101
ITAL,ITAL102,ITAL101
ITAL,ITAL112,ITAL111
ITAL,ITAL112,ITAL111
ITAL,ITAL222,ITAL112
ITAL,ITAL226,None
ITAL,ITAL242,None
CPLS,ASTR531,(PHYS213 AND PHYS214 AND ASTR155 AND ASTR211)
CPLS,BIOL214,([MB&B181; or BIOL181] AND [BIOL182 or MB&B182;]) OR ([MB&B181; or BIOL181] AND [BIOL196 or MB&B196;]) OR ([MB&B195; or BIOL195] AND [BIOL182 or MB&B182;] ) OR ([MB&B195; or BIOL195] AND [BIOL196 or MB&B196;])
CPLS,CHEM337,(CHEM141 AND CHEM142 AND MATH121 AND MATH122) OR (CHEM143 AND CHEM144 AND MATH121 AND MATH122)
CPLS,CHEM383,(CHEM251 AND CHEM252)
CPLS,CHEM383,(CHEM251 AND CHEM252)
CPLS,E&ES580,E&ES101; OR E&ES213;
CPLS,PHYS213,(PHYS113 AND PHYS116)
THEA,THEA105,None
THEA,THEA105,None
THEA,THEA105,None
THEA,THEA150,None
THEA,THEA172,None
THEA,THEA183,None
THEA,THEA199,None
THEA,THEA199,None
THEA,THEA199,None
THEA,THEA224,None
THEA,THEA245,None
THEA,THEA245,None
THEA,THEA254,None
THEA,THEA281,THEA245
THEA,THEA285,THEA245
THEA,THEA286,(THEA245 AND THEA203) OR (THEA245 AND THEA302) OR (THEA245 AND [THEA280 or AFAM279])
THEA,THEA299,THEA199
THEA,THEA302,THEA105 OR THEA150 OR THEA245 OR [THEA199 or ENGL199] OR THEA185 OR THEA170 OR THEA140 OR [THEA214 or COL215 or REES279 or RUSS279 or RULE279]
THEA,THEA321,None
THEA,THEA329,THEA105
THEA,THEA329,THEA105
THEA,THEA329,THEA105
THEA,THEA331,THEA105
THEA,THEA331,THEA105
THEA,THEA331,THEA105
THEA,THEA331,THEA105
THEA,THEA340,None
THEA,THEA359,THEA105 OR ARST131 OR THEA185
THEA,THEA383,THEA105 OR ARST131 OR ARST445
THEA,THEA427,None
THEA,THEA427,None
THEA,THEA431,None
THEA,THEA431,None
THEA,THEA433,None
THEA,THEA433,None
THEA,THEA435,None
THEA,THEA435,None
THEA,THEA435,None
THEA,THEA437,None
THEA,THEA437,None
THEA,THEA437,None
THEA,THEA105,None
THEA,THEA105,None
THEA,THEA202,None
THEA,THEA203,None
THEA,THEA214,None
THEA,THEA231,None
THEA,THEA237,None
THEA,THEA245,None
THEA,THEA245,None
THEA,THEA305,THEA105 OR DANC105
THEA,THEA316,None
THEA,THEA319,THEA245 AND THEA285
THEA,THEA329,THEA105
THEA,THEA329,THEA105
THEA,THEA329,THEA105
THEA,THEA331,THEA105
THEA,THEA331,THEA105
THEA,THEA331,THEA105
THEA,THEA331,THEA105
THEA,THEA331,THEA105
THEA,THEA331,THEA105
THEA,THEA370,None
THEA,THEA390,THEA245
THEA,THEA399,[THEA199 or ENGL199] OR [THEA299 or ENGL299]
THEA,THEA427,None
THEA,THEA427,None
THEA,THEA431,None
THEA,THEA431,None
THEA,THEA433,None
THEA,THEA433,None
THEA,THEA435,None
THEA,THEA435,None
THEA,THEA435,None
THEA,THEA437,None
THEA,THEA437,None
THEA,THEA437,None
CHIN,CHIN101,None
CHIN,CHIN103,None
CHIN,CHIN103,None
CHIN,CHIN205,[CHIN104 or EAST102]
CHIN,CHIN217,[CHIN206 or EAST204]
CHIN,CHIN221,[CHIN218 or EAST214]
CHIN,CHIN104,[CHIN103 or EAST101]
CHIN,CHIN104,[CHIN103 or EAST101]
CHIN,CHIN206,[CHIN205 or EAST203]
CHIN,CHIN218,[CHIN217 or EAST213]
CHIN,CHIN221,[CHIN218 or EAST214]
CHIN,CHIN222,[CHIN221 or EAST245]
RULE,RULE205,None
RULE,RULE232,None
RULE,RULE240,None
RULE,RULE206,None
RULE,RULE252,None
RULE,RULE279,None
FIST,FIST276,None
FIST,FIST290,None
FIST,FIST226,None
COL,COL104,None
COL,COL108,None
COL,COL110,None
COL,COL112,None
COL,COL125,None
COL,COL206,None
COL,COL213,None
COL,COL230,None
COL,COL237,None
COL,COL239,None
COL,COL241,None
COL,COL243,None
COL,COL245,None
COL,COL323,None
COL,COL327,None
COL,COL339,None
COL,COL340,None
COL,COL359,None
COL,COL115,None
COL,COL201,None
COL,COL214,None
COL,COL215,None
COL,COL234,None
COL,COL244,None
COL,COL246,None
COL,COL248,None
COL,COL249,None
COL,COL256,None
COL,COL262,None
COL,COL298,None
COL,COL307,None
COL,COL313,None
COL,COL338,None
COL,COL349,None
CWRC,COL213,None
CWRC,ENGL130,None
CWRC,ENGL241,None
CWRC,ENGL270,None
CWRC,ENGL292,None
CWRC,ENGL296,None
CWRC,ENGL325,None
CWRC,ENGL336,None
CWRC,ENGL339,None
CWRC,FILM460,FILM304 OR FILM310
CWRC,THEA199,None
CWRC,THEA199,None
CWRC,THEA199,None
CWRC,THEA299,THEA199
CWRC,THEA321,None
CWRC,WRCT259,None
CWRC,BIOL137,None
CWRC,COL201,None
CWRC,ENGL130,None
CWRC,ENGL271,None
CWRC,ENGL326,None
CWRC,ENGL337,None
CWRC,ENGL342,None
CWRC,ENGL399,[THEA199 or ENGL199] OR [THEA299 or ENGL299]
CWRC,FILM454,FILM304 OR FILM310
CWRC,FILM454,FILM304 OR FILM310
CWRC,FREN302,None
CWRC,MUSC121,None
CWRC,WRCT263,None
LANG,LANG190,None
LANG,LANG290,LANG191 OR LANG241 OR LANG242
LANG,LANG191,LANG190
MECO,COMP112,None
MECO,COMP112,None
MECO,COMP211,None
MECO,COMP211,None
MECO,MATH121,None
MECO,MATH121,None
MECO,MATH121,None
MECO,MATH122,None
MECO,MATH122,None
MECO,MATH221,None
MECO,MATH221,None
MECO,MATH222,None
MECO,MATH222,None
MECO,MATH226,(MATH222 AND MATH221) OR (MATH222 AND MATH223)
MECO,MATH228,None
MECO,MATH231,[MATH117 AND MATH118] OR [MATH121 AND MATH122]
MECO,MATH241,None
MECO,MATH261,MATH221 OR MATH223
MECO,MATH261,MATH221 OR MATH223
MECO,COMP112,None
MECO,COMP112,None
MECO,MATH118,None
MECO,MATH118,None
MECO,MATH118,None
MECO,MATH122,None
MECO,MATH122,None
MECO,MATH122,None
MECO,MATH221,None
MECO,MATH222,None
MECO,MATH222,None
MECO,MATH223,None
MECO,MATH223,None
MECO,MATH225,(MATH222 AND MATH221) OR (MATH222 AND MATH223)
MECO,MATH225,(MATH222 AND MATH221) OR (MATH222 AND MATH223)
MECO,MATH228,None
MECO,MATH229,MATH222
MECO,MATH244,None
MECO,MATH262,None
MECO,MATH272,None
PHIL,PHIL160,None
PHIL,PHIL201,None
PHIL,PHIL205,None
PHIL,PHIL212,None
PHIL,PHIL231,None
PHIL,PHIL258,None
PHIL,PHIL271,[PHIL212 or ENVS212] OR PHIL214 OR [PHIL215 or ENVS215] OR PHIL217 OR PHIL218
PHIL,PHIL282,None
PHIL,PHIL282,None
PHIL,PHIL287,None
PHIL,PHIL381,None
PHIL,PHIL388,PHIL293 OR [PHIL202 or COL360]
PHIL,PHIL232,None
PHIL,PHIL272,None
PHIL,PHIL277,None
PHIL,PHIL286,None
PHIL,PHIL288,None
PHIL,PHIL290,PHIL231 OR PHIL230
PHIL,PHIL347,None
PHIL,PHIL383,None
BIOL,BIOL106,None
BIOL,BIOL131,None
BIOL,BIOL140,None
BIOL,BIOL140,None
BIOL,BIOL181,None
BIOL,BIOL181,None
BIOL,BIOL181,None
BIOL,BIOL181,None
BIOL,BIOL181,None
BIOL,BIOL181,None
BIOL,BIOL181,None
BIOL,BIOL181,None
BIOL,BIOL181,None
BIOL,BIOL181,None
BIOL,BIOL191,None
BIOL,BIOL191,None
BIOL,BIOL191,None
BIOL,BIOL191,None
BIOL,BIOL191,None
BIOL,BIOL197,None
BIOL,BIOL213,None
BIOL,BIOL214,([MB&B181; or BIOL181] AND [BIOL182 or MB&B182;]) OR ([MB&B181; or BIOL181] AND [BIOL196 or MB&B196;]) OR ([MB&B195; or BIOL195] AND [BIOL182 or MB&B182;] ) OR ([MB&B195; or BIOL195] AND [BIOL196 or MB&B196;])
BIOL,BIOL220,[BIOL182 or MB&B182;] OR [BIOL196 or MB&B196;]
BIOL,BIOL226,[E&ES197; or BIOL197] OR [BIOL182 or MB&B182;] OR E&ES199;
BIOL,BIOL250,(NS&B213; AND MB&B181; AND BIOL182) OR (NS&B213; AND MB&B181; AND BIOL196) OR (NS&B213; AND MB&B195; AND BIOL182) OR (NS&B213; AND MB&B195; AND BIOL196)
BIOL,BIOL254,[BIOL182 or MB&B182;] OR [BIOL196 or MB&B196;] OR [NS&B213; or BIOL213 or PSYC240]
BIOL,BIOL254,[BIOL182 or MB&B182;] OR [BIOL196 or MB&B196;] OR [NS&B213; or BIOL213 or PSYC240]
BIOL,BIOL320,None
BIOL,BIOL325,[BIOL182 or MB&B182;] OR [BIOL196 or MB&B196;]
BIOL,BIOL327,[BIOL182 or MB&B182;] OR [BIOL196 or MB&B196;] OR COMP112 OR COMP211
BIOL,BIOL343,BIOL218 OR ([BIOL182 or MB&B182;] AND [BIOL212 or MB&B212;]) OR ([BIOL182 or MB&B182;] AND [NS&B213; or BIOL213 or PSYC240]) OR  ([BIOL196 or MB&B196;] AND [BIOL212 or MB&B212;]) OR ([BIOL196 or MB&B196;] AND [NS&B213; or BIOL213 or PSYC240])
BIOL,BIOL500,None
BIOL,BIOL505,None
BIOL,BIOL507,None
BIOL,BIOL509,None
BIOL,BIOL520,None
BIOL,BIOL527,[BIOL182 or MB&B182;] OR [BIOL196 or MB&B196;] OR COMP112 OR COMP211
BIOL,BIOL543,BIOL218 OR ([BIOL182 or MB&B182;] AND [BIOL212 or MB&B212;]) OR ([BIOL182 or MB&B182;] AND [NS&B213; or BIOL213 or PSYC240]) OR  ([BIOL196 or MB&B196;] AND [BIOL212 or MB&B212;]) OR ([BIOL196 or MB&B196;] AND [NS&B213; or BIOL213 or PSYC240])
BIOL,BIOL555,(NS&B213; AND MB&B181; AND BIOL182) OR (NS&B213; AND MB&B181; AND BIOL196) OR (NS&B213; AND MB&B195; AND BIOL182) OR (NS&B213; AND MB&B195; AND BIOL196)
BIOL,BIOL557,None
BIOL,MB&B208,([MB&B181; or BIOL181] AND [BIOL182 or MB&B182;]) OR ([MB&B195; or BIOL195] AND [BIOL182 or MB&B182;])
BIOL,BIOL106,None
BIOL,BIOL106,None
BIOL,BIOL137,None
BIOL,BIOL145,None
BIOL,BIOL148,None
BIOL,BIOL182,[MB&B181; or BIOL181]
BIOL,BIOL192,[MB&B191; or BIOL191]
BIOL,BIOL192,[MB&B191; or BIOL191]
BIOL,BIOL192,[MB&B191; or BIOL191]
BIOL,BIOL192,[MB&B191; or BIOL191]
BIOL,BIOL192,[MB&B191; or BIOL191]
BIOL,BIOL194,BIOL181 or MB&B181;
BIOL,BIOL210,[MB&B195; or BIOL195] OR [MB&B181; or BIOL181]
BIOL,BIOL212,[MB&B181; or BIOL181] OR [MB&B195; or BIOL195]
BIOL,BIOL218,[BIOL182 or MB&B182;] OR [BIOL196 or MB&B196;]
BIOL,BIOL223,None
BIOL,BIOL229,E&ES101; OR E&ES115; OR E&ES199; OR [E&ES197; or BIOL197]
BIOL,BIOL232,([MB&B181; or BIOL181] AND [BIOL182 or MB&B182;]) OR MB&B208;
BIOL,BIOL233,E&ES101; OR E&ES115; OR E&ES199; OR [E&ES197; or BIOL197]
BIOL,BIOL299,[NS&B213; or BIOL213 or PSYC240]
BIOL,BIOL318,BIOL214 OR BIOL218 OR [BIOL254 or NS&B254;] OR [BIOL224 or NS&B224;]
BIOL,BIOL345,(NS&B213; AND MB&B181; AND BIOL182) OR (NS&B213; AND MB&B181; AND BIOL196) OR (NS&B213; AND MB&B195; AND BIOL182) OR (NS&B213; AND MB&B195; AND BIOL196)
BIOL,BIOL506,None
BIOL,BIOL508,None
BIOL,BIOL510,None
BIOL,BIOL518,BIOL214 OR BIOL218 OR [BIOL254 or NS&B254;] OR [BIOL224 or NS&B224;]
BIOL,BIOL545,(NS&B213; AND MB&B181; AND BIOL182) OR (NS&B213; AND MB&B181; AND BIOL196) OR (NS&B213; AND MB&B195; AND BIOL182) OR (NS&B213; AND MB&B195; AND BIOL196)
EAST,EAST101,None
EAST,EAST101,None
EAST,EAST103,None
EAST,EAST103,None
EAST,EAST105,None
EAST,EAST153,None
EAST,EAST203,[CHIN104 or EAST102]
EAST,EAST205,[JAPN104 or EAST104]
EAST,EAST213,[CHIN206 or EAST204]
EAST,EAST217,[JAPN206 or EAST206]
EAST,EAST219,[JAPN218 or EAST218]
EAST,EAST225,None
EAST,EAST236,None
EAST,EAST245,[CHIN218 or EAST214]
EAST,EAST261,None
EAST,EAST268,None
EAST,EAST296,None
EAST,EAST304,None
EAST,EAST340,None
EAST,EAST413,None
EAST,EAST414,None
EAST,EAST415,None
EAST,EAST416,None
EAST,EAST417,None
EAST,EAST418,None
EAST,EAST428,None
EAST,EAST460,None
EAST,EAST461,None
EAST,EAST102,[CHIN103 or EAST101]
EAST,EAST102,[CHIN103 or EAST101]
EAST,EAST104,[JAPN103 or EAST103]
EAST,EAST154,[KREA153 or LANG153 or ALIT 153 or EAST153]
EAST,EAST201,None
EAST,EAST202,None
EAST,EAST204,[CHIN205 or EAST203]
EAST,EAST206,[JAPN205 or EAST205]
EAST,EAST214,[CHIN217 or EAST213]
EAST,EAST215,None
EAST,EAST218,[JAPN217 or EAST217]
EAST,EAST222,[JAPN219 or EAST219]
EAST,EAST223,None
EAST,EAST245,[CHIN218 or EAST214]
EAST,EAST246,[CHIN221 or EAST245]
EAST,EAST262,None
EAST,EAST263,ECON110 OR ECON101
EAST,EAST271,None
EAST,EAST297,None
EAST,EAST308,None
EAST,EAST413,None
EAST,EAST414,None
EAST,EAST415,None
EAST,EAST416,None
EAST,EAST417,None
EAST,EAST418,None
EAST,EAST428,None
EAST,EAST460,None
FREN,FREN101,None
FREN,FREN101,None
FREN,FREN101,None
FREN,FREN111,None
FREN,FREN111,None
FREN,FREN112,None
FREN,FREN112,None
FREN,FREN215,None
FREN,FREN215,None
FREN,FREN215,None
FREN,FREN229,None
FREN,FREN236,None
FREN,FREN328,None
FREN,FREN339,None
FREN,FREN387,None
FREN,FREN102,FREN101
FREN,FREN102,FREN101
FREN,FREN102,FREN101
FREN,FREN112,None
FREN,FREN112,None
FREN,FREN215,None
FREN,FREN215,None
FREN,FREN223,None
FREN,FREN254,None
FREN,FREN302,None
FREN,FREN305,None
FREN,FREN398,None
COMP,COMP112,None
COMP,COMP112,None
COMP,COMP211,None
COMP,COMP211,None
COMP,COMP212,COMP211
COMP,COMP260,None
COMP,COMP312,COMP212 AND MATH228
COMP,COMP327,[BIOL182 or MB&B182;] OR [BIOL196 or MB&B196;] OR COMP112 OR COMP211
COMP,COMP360,COMP212
COMP,COMP360,COMP212
COMP,COMP510,COMP212 AND MATH228
COMP,COMP527,[BIOL182 or MB&B182;] OR [BIOL196 or MB&B196;] OR COMP112 OR COMP211
COMP,COMP112,None
COMP,COMP112,None
COMP,COMP131,None
COMP,COMP212,COMP211
COMP,COMP231,COMP211
COMP,COMP301,COMP211 AND MATH228
COMP,COMP321,COMP212
COMP,COMP360,COMP212
COMP,COMP500,COMP211 AND MATH228
COMP,COMP521,COMP212
COMP,COMP531,COMP211
KREA,KREA153,None
KREA,KREA154,[KREA153 or LANG153 or ALIT 153 or EAST153]
CSED,ASTR430,ASTR155 OR ASTR211
CSED,CHEM241,None
CSED,ECON300,ECON110
CSED,ECON300,ECON110
CSED,ECON385,(ECON301 AND MATH221) OR (ECON301 AND MATH223) OR (ECON302 AND MATH221) OR (ECON302 AND MATH223)
CSED,HIST215,None
CSED,HIST240,None
CSED,MATH132,None
CSED,PSYC200,None
CSED,PSYC206,PSYC105
CSED,PSYC230,PSYC105
CSED,QAC201,None
CSED,QAC201,None
CSED,QAC201,None
CSED,QAC201,None
CSED,QAC201,None
CSED,SISP202,None
CSED,SOC273,SOC151
CSED,CHEM242,None
CSED,ECON300,ECON110
CSED,ECON300,ECON110
CSED,ECON385,(ECON301 AND MATH221) OR (ECON301 AND MATH223) OR (ECON302 AND MATH221) OR (ECON302 AND MATH223)
CSED,MATH132,None
CSED,PSYC200,None
CSED,PSYC200,None
CSED,PSYC200,None
CSED,PSYC200,None
CSED,PSYC230,PSYC105
SPAN,SPAN101,None
SPAN,SPAN103,None
SPAN,SPAN111,SPAN102 OR SPAN103
SPAN,SPAN111,SPAN102 OR SPAN103
SPAN,SPAN111,SPAN102 OR SPAN103
SPAN,SPAN111,SPAN102 OR SPAN103
SPAN,SPAN113,SPAN111
SPAN,SPAN113,SPAN111
SPAN,SPAN221,None
SPAN,SPAN221,None
SPAN,SPAN221,None
SPAN,SPAN221,None
SPAN,SPAN226,None
SPAN,SPAN236,None
SPAN,SPAN254,None
SPAN,SPAN255,None
SPAN,SPAN265,None
SPAN,SPAN288,None
SPAN,SPAN102,SPAN101
SPAN,SPAN110,SPAN102 AND SPAN103
SPAN,SPAN112,SPAN111
SPAN,SPAN112,SPAN111
SPAN,SPAN112,SPAN111
SPAN,SPAN112,SPAN111
SPAN,SPAN112,SPAN111
SPAN,SPAN221,None
SPAN,SPAN221,None
SPAN,SPAN226,None
SPAN,SPAN231,None
SPAN,SPAN251,None
SPAN,SPAN258,None
SPAN,SPAN282,None
HEBR,HEBR101,None
HEBR,HEBR201,HEBR102
HEBR,HEBR211,HEBR202
HEBR,HEBR102,HEBR101
HEBR,HEBR202,HEBR201
ALIT,ALIT216,None
ALIT,ALIT225,None
ALIT,CHIN101,None
ALIT,CHIN103,None
ALIT,CHIN103,None
ALIT,CHIN205,[CHIN104 or EAST102]
ALIT,CHIN217,[CHIN206 or EAST204]
ALIT,CHIN221,[CHIN218 or EAST214]
ALIT,JAPN103,None
ALIT,JAPN103,None
ALIT,JAPN205,[JAPN104 or EAST104]
ALIT,JAPN217,[JAPN206 or EAST206]
ALIT,JAPN219,[JAPN218 or EAST218]
ALIT,KREA153,None
ALIT,ALIT202,None
ALIT,ALIT215,None
ALIT,CHIN104,[CHIN103 or EAST101]
ALIT,CHIN104,[CHIN103 or EAST101]
ALIT,CHIN206,[CHIN205 or EAST203]
ALIT,CHIN218,[CHIN217 or EAST213]
ALIT,CHIN221,[CHIN218 or EAST214]
ALIT,CHIN222,[CHIN221 or EAST245]
ALIT,JAPN104,[JAPN103 or EAST103]
ALIT,JAPN206,[JAPN205 or EAST205]
ALIT,JAPN218,[JAPN217 or EAST217]
ALIT,JAPN220,[JAPN219 or EAST219]
ALIT,KREA154,[KREA153 or LANG153 or ALIT 153 or EAST153]
GRST,GRST101,None
GRST,GRST101,None
GRST,GRST211,GRST102
GRST,GRST217,GRST214
GRST,GRST231,None
GRST,GRST241,None
GRST,GRST301,GRST217 OR GRST251S OR GRST252S
GRST,GRST340,None
GRST,GRST102,GRST101
GRST,GRST102,GRST101
GRST,GRST214,GRST211
GRST,GRST230,None
GRST,GRST239,None
GRST,GRST253,None
GRST,GRST255,None
GRST,GRST362,GRST217
ARCP,ARCP201,None
ARCP,ARCP202,None
ARCP,ARCP325,None
ARCP,ARCP372,None
ARCP,ARCP226,None
ARCP,ARCP256,None
ARCP,ARCP268,None
ARCP,ARCP285,None
ARCP,ARCP383,None
CMES,ARAB201,ARAB101 AND ARAB102
CMES,ARAB301,None
CMES,CCIV201,None
CMES,GOVT270,None
CMES,HEBR201,HEBR102
CMES,HEBR211,HEBR202
CMES,HIST231,None
CMES,HIST247,None
CMES,RELI201,None
CMES,ARAB202,ARAB101 AND (ARAB102 OR ARAB201)
CMES,ARAB311,ARAB201
CMES,GOVT272,None
CMES,GOVT305,None
CMES,HEBR202,HEBR201
CMES,HIST234,None
CMES,HIST337,None
CMES,RELI221,None
CMES,RELI221,None
CIM,BIOL181,None
CIM,BIOL181,None
CIM,BIOL181,None
CIM,BIOL181,None
CIM,BIOL181,None
CIM,BIOL181,None
CIM,BIOL181,None
CIM,BIOL181,None
CIM,BIOL181,None
CIM,BIOL181,None
CIM,BIOL327,[BIOL182 or MB&B182;] OR [BIOL196 or MB&B196;] OR COMP112 OR COMP211
CIM,COMP112,None
CIM,COMP112,None
CIM,COMP211,None
CIM,COMP211,None
CIM,COMP212,COMP211
CIM,COMP312,COMP212 AND MATH228
CIM,MB&B208,([MB&B181; or BIOL181] AND [BIOL182 or MB&B182;]) OR ([MB&B195; or BIOL195] AND [BIOL182 or MB&B182;])
CIM,MB&B395,(MB&B208; AND CHEM141 AND CHEM142) OR (MB&B208; AND CHEM143 AND CHEM144)
CIM,PHYS340,(MATH222 AND PHYS213)
CIM,SISP202,None
CIM,COMP112,None
CIM,COMP112,None
CIM,COMP212,COMP211
CIM,COMP231,COMP211
CIM,MB&B210,[MB&B195; or BIOL195] OR [MB&B181; or BIOL181]
CIM,MB&B294,MB&B208;
CIR,ANTH259,None
CIR,ANTH301,None
CIR,CSS230,None
CIR,CSS240,None
CIR,ECON101,None
CIR,ECON110,MATH118 OR MATH122 OR MATH221 OR MATH222
CIR,ECON110,MATH118 OR MATH122 OR MATH221 OR MATH222
CIR,ECON241,ECON110 OR ECON101
CIR,ECON270,ECON101 OR ECON110
CIR,ECON310,ECON301
CIR,GOVT155,None
CIR,GOVT155,None
CIR,GOVT155,None
CIR,GOVT157,None
CIR,GOVT270,None
CIR,GOVT278,None
CIR,GOVT278,None
CIR,GOVT296,None
CIR,GOVT302,None
CIR,GOVT303,None
CIR,GOVT304,None
CIR,GOVT311,None
CIR,GOVT311,None
CIR,GOVT324,None
CIR,GOVT331,None
CIR,GOVT390,None
CIR,GOVT398,None
CIR,GRST211,GRST102
CIR,HIST203,None
CIR,HIST221,None
CIR,HIST263,None
CIR,HIST263,None
CIR,HIST375,None
CIR,HIST377,None
CIR,LAST300,None
CIR,RELI381,None
CIR,CHIN206,[CHIN205 or EAST203]
CIR,CSS230,None
CIR,CSS230,None
CIR,CSS240,None
CIR,CSS240,None
CIR,CSS320,None
CIR,CSS320,None
CIR,CSS330,None
CIR,CSS330,None
CIR,CSS340,None
CIR,CSS340,None
CIR,ECON101,None
CIR,ECON110,MATH118 OR MATH122 OR MATH221 OR MATH222
CIR,ECON110,MATH118 OR MATH122 OR MATH221 OR MATH222
CIR,ECON110,MATH118 OR MATH122 OR MATH221 OR MATH222
CIR,ECON261,ECON101 OR ECON110
CIR,ECON263,ECON110 OR ECON101
CIR,ECON331,ECON302
CIR,ECON366,ECON301 OR ECON302
CIR,GOVT155,None
CIR,GOVT155,None
CIR,GOVT271,None
CIR,GOVT272,None
CIR,GOVT297,None
CIR,GOVT305,None
CIR,GOVT322,None
CIR,GOVT325,None
CIR,GOVT355,None
CIR,GRST214,GRST211
CIR,HEBR202,HEBR201
CIR,HIST234,None
CIR,HIST245,None
CIR,HIST280,None
CIR,HIST285,None
CIR,HIST307,None
CIR,HIST308,None
CIR,HIST317,None
CIR,ITAL112,ITAL111
CIR,ITAL112,ITAL111
CIR,JAPN206,[JAPN205 or EAST205]
CIR,RELI221,None
CIR,RELI221,None
CIR,RUSS202,RUSS101 AND RUSS102 AND RUSS201
CIR,SOC260,SOC151
CIR,SPAN112,SPAN111
CIR,SPAN112,SPAN111
CIR,SPAN112,SPAN111
CIR,SPAN112,SPAN111
CIR,SPAN112,SPAN111
XPSC,ASTR231,(PHYS213 AND PHYS214 AND ASTR155 AND ASTR211)
XPSC,BIOL214,([MB&B181; or BIOL181] AND [BIOL182 or MB&B182;]) OR ([MB&B181; or BIOL181] AND [BIOL196 or MB&B196;]) OR ([MB&B195; or BIOL195] AND [BIOL182 or MB&B182;] ) OR ([MB&B195; or BIOL195] AND [BIOL196 or MB&B196;])
XPSC,CHEM337,(CHEM141 AND CHEM142 AND MATH121 AND MATH122) OR (CHEM143 AND CHEM144 AND MATH121 AND MATH122)
XPSC,CHEM383,(CHEM251 AND CHEM252)
XPSC,CHEM383,(CHEM251 AND CHEM252)
XPSC,E&ES151,None
XPSC,E&ES151,None
XPSC,E&ES151,None
XPSC,E&ES151,None
XPSC,E&ES223,E&ES101; OR E&ES199; OR E&ES115; OR [E&ES197; or BIOL197]
XPSC,E&ES225,E&ES101; OR E&ES199; OR E&ES115; OR [E&ES197; or BIOL197]
XPSC,E&ES380,E&ES101; OR E&ES213;
XPSC,BIOL233,E&ES101; OR E&ES115; OR E&ES199; OR [E&ES197; or BIOL197]
XPSC,CHEM338,(MATH121 AND MATH122 AND CHEM141 AND CHEM142) OR (MATH121 AND MATH122 AND CHEM143 AND CHEM144)
XPSC,E&ES120,None
XPSC,E&ES229,E&ES101; OR E&ES115; OR E&ES199; OR [E&ES197; or BIOL197]
SOC,SOC151,None
SOC,SOC151,None
SOC,SOC202,SOC151
SOC,SOC212,SOC151
SOC,SOC234,SOC151
SOC,SOC240,SOC151
SOC,SOC250,SOC151
SOC,SOC257,None
SOC,SOC257,None
SOC,SOC257,None
SOC,SOC257,None
SOC,SOC257,None
SOC,SOC273,SOC151
SOC,SOC284,SOC151
SOC,SOC305,(SOC151 AND SOC202)
SOC,SOC315,None
SOC,SOC405,SOC151 AND SOC212 AND SOC202
SOC,SOC151,None
SOC,SOC151,None
SOC,SOC202,SOC151
SOC,SOC210,SOC151
SOC,SOC212,SOC151
SOC,SOC260,SOC151
SOC,SOC270,SOC151
SOC,SOC302,None
SOC,SOC351,None
SOC,SOC406,SOC151 AND SOC202 AND SOC212
AFAM,AFAM152,None
AFAM,AFAM202,None
AFAM,AFAM205,None
AFAM,AFAM222,None
AFAM,AFAM241,None
AFAM,AFAM250,None
AFAM,AFAM299,None
AFAM,AFAM301,None
AFAM,AFAM313,None
AFAM,AFAM316,None
AFAM,AFAM330,None
AFAM,AFAM342,None
AFAM,AFAM385,None
AFAM,AFAM386,MUSC103
AFAM,AFAM388,None
AFAM,AFAM396,None
AFAM,AFAM201,None
AFAM,AFAM203,None
AFAM,AFAM204,None
AFAM,AFAM241,None
AFAM,AFAM243,None
AFAM,AFAM252,None
AFAM,AFAM275,None
AFAM,AFAM309,None
AFAM,AFAM370,None
AFAM,AFAM389,None
AFAM,AFAM390,None
AFAM,AFAM397,None
NSB,BIOL181,None
NSB,BIOL181,None
NSB,BIOL181,None
NSB,BIOL181,None
NSB,BIOL181,None
NSB,BIOL181,None
NSB,BIOL181,None
NSB,BIOL181,None
NSB,BIOL181,None
NSB,BIOL181,None
NSB,BIOL191,None
NSB,BIOL191,None
NSB,BIOL191,None
NSB,BIOL191,None
NSB,BIOL191,None
NSB,BIOL320,None
NSB,CHEM141,None
NSB,CHEM141,None
NSB,CHEM141,None
NSB,CHEM141,None
NSB,CHEM141,None
NSB,CHEM141,None
NSB,CHEM141,None
NSB,CHEM143,None
NSB,CHEM143,None
NSB,CHEM143,None
NSB,CHEM143,None
NSB,CHEM143,None
NSB,CHEM251,CHEM142 OR CHEM144
NSB,CHEM251,CHEM142 OR CHEM144
NSB,CHEM251,CHEM142 OR CHEM144
NSB,CHEM251,CHEM142 OR CHEM144
NSB,CHEM251,CHEM142 OR CHEM144
NSB,CHEM251,CHEM142 OR CHEM144
NSB,CHEM251,CHEM142 OR CHEM144
NSB,CHEM251,CHEM142 OR CHEM144
NSB,NS&B213,None
NSB,NS&B220,PSYC105 OR [NS&B213; or BIOL213 or PSYC240]
NSB,NS&B250,(NS&B213; AND MB&B181; AND BIOL182) OR (NS&B213; AND MB&B181; AND BIOL196) OR (NS&B213; AND MB&B195; AND BIOL182) OR (NS&B213; AND MB&B195; AND BIOL196)
NSB,NS&B254,[BIOL182 or MB&B182;] OR [BIOL196 or MB&B196;] OR [NS&B213; or BIOL213 or PSYC240]
NSB,NS&B254,[BIOL182 or MB&B182;] OR [BIOL196 or MB&B196;] OR [NS&B213; or BIOL213 or PSYC240]
NSB,NS&B280,None
NSB,NS&B280,None
NSB,NS&B280,None
NSB,NS&B280,None
NSB,NS&B280,None
NSB,NS&B325,[BIOL182 or MB&B182;] OR [BIOL196 or MB&B196;]
NSB,NS&B343,BIOL218 OR ([BIOL182 or MB&B182;] AND [BIOL212 or MB&B212;]) OR ([BIOL182 or MB&B182;] AND [NS&B213; or BIOL213 or PSYC240]) OR  ([BIOL196 or MB&B196;] AND [BIOL212 or MB&B212;]) OR ([BIOL196 or MB&B196;] AND [NS&B213; or BIOL213 or PSYC240])
NSB,NS&B392,None
NSB,NS&B543,BIOL218 OR ([BIOL182 or MB&B182;] AND [BIOL212 or MB&B212;]) OR ([BIOL182 or MB&B182;] AND [NS&B213; or BIOL213 or PSYC240]) OR  ([BIOL196 or MB&B196;] AND [BIOL212 or MB&B212;]) OR ([BIOL196 or MB&B196;] AND [NS&B213; or BIOL213 or PSYC240])
NSB,NS&B555,(NS&B213; AND MB&B181; AND BIOL182) OR (NS&B213; AND MB&B181; AND BIOL196) OR (NS&B213; AND MB&B195; AND BIOL182) OR (NS&B213; AND MB&B195; AND BIOL196)
NSB,PHYS111,None
NSB,PHYS113,None
NSB,PHYS113,None
NSB,PHYS113,None
NSB,PHYS113,None
NSB,PSYC200,None
NSB,BIOL182,[MB&B181; or BIOL181]
NSB,BIOL192,[MB&B191; or BIOL191]
NSB,BIOL192,[MB&B191; or BIOL191]
NSB,BIOL192,[MB&B191; or BIOL191]
NSB,BIOL192,[MB&B191; or BIOL191]
NSB,BIOL192,[MB&B191; or BIOL191]
NSB,CHEM142,CHEM141
NSB,CHEM142,CHEM141
NSB,CHEM142,CHEM141
NSB,CHEM142,CHEM141
NSB,CHEM142,CHEM141
NSB,CHEM142,CHEM141
NSB,CHEM144,CHEM143
NSB,CHEM144,CHEM143
NSB,CHEM144,CHEM143
NSB,CHEM144,CHEM143
NSB,CHEM144,CHEM143
NSB,CHEM144,CHEM143
NSB,CHEM144,CHEM143
NSB,CHEM252,CHEM251
NSB,CHEM252,CHEM251
NSB,CHEM252,CHEM251
NSB,CHEM252,CHEM251
NSB,CHEM252,CHEM251
NSB,CHEM252,CHEM251
NSB,NS&B299,[NS&B213; or BIOL213 or PSYC240]
NSB,NS&B316,None
NSB,NS&B329,None
NSB,NS&B345,(NS&B213; AND MB&B181; AND BIOL182) OR (NS&B213; AND MB&B181; AND BIOL196) OR (NS&B213; AND MB&B195; AND BIOL182) OR (NS&B213; AND MB&B195; AND BIOL196)
NSB,NS&B545,(NS&B213; AND MB&B181; AND BIOL182) OR (NS&B213; AND MB&B181; AND BIOL196) OR (NS&B213; AND MB&B195; AND BIOL182) OR (NS&B213; AND MB&B195; AND BIOL196)
NSB,PHYS112,None
NSB,PSYC200,None
NSB,PSYC200,None
NSB,PSYC200,None
NSB,PSYC200,None
MBB,MB&B119,None
MBB,MB&B119,None
MBB,MB&B181,None
MBB,MB&B181,None
MBB,MB&B181,None
MBB,MB&B181,None
MBB,MB&B181,None
MBB,MB&B181,None
MBB,MB&B181,None
MBB,MB&B181,None
MBB,MB&B181,None
MBB,MB&B181,None
MBB,MB&B191,None
MBB,MB&B191,None
MBB,MB&B191,None
MBB,MB&B191,None
MBB,MB&B191,None
MBB,MB&B208,([MB&B181; or BIOL181] AND [BIOL182 or MB&B182;]) OR ([MB&B195; or BIOL195] AND [BIOL182 or MB&B182;])
MBB,MB&B285,None
MBB,MB&B307,None
MBB,MB&B325,[MB&B181; or BIOL181] OR [MB&B191; or BIOL191]
MBB,MB&B363,MB&B208;
MBB,MB&B383,(CHEM251 AND CHEM252)
MBB,MB&B383,(CHEM251 AND CHEM252)
MBB,MB&B385,[CHEM383 or MB&B383;]
MBB,MB&B395,(MB&B208; AND CHEM141 AND CHEM142) OR (MB&B208; AND CHEM143 AND CHEM144)
MBB,MB&B500,None
MBB,MB&B507,None
MBB,MB&B557,None
MBB,MB&B563,MB&B208;
MBB,MB&B585,None
MBB,MB&B587,[CHEM383 or MB&B383;]
MBB,MB&B107,None
MBB,MB&B182,[MB&B181; or BIOL181]
MBB,MB&B192,[MB&B191; or BIOL191]
MBB,MB&B192,[MB&B191; or BIOL191]
MBB,MB&B192,[MB&B191; or BIOL191]
MBB,MB&B192,[MB&B191; or BIOL191]
MBB,MB&B192,[MB&B191; or BIOL191]
MBB,MB&B194,BIOL181 or MB&B181;
MBB,MB&B209,([MB&B181; or BIOL181] AND [BIOL182 or MB&B182;])
MBB,MB&B210,[MB&B195; or BIOL195] OR [MB&B181; or BIOL181]
MBB,MB&B212,[MB&B181; or BIOL181] OR [MB&B195; or BIOL195]
MBB,MB&B232,([MB&B181; or BIOL181] AND [BIOL182 or MB&B182;]) OR MB&B208;
MBB,MB&B286,None
MBB,MB&B294,MB&B208;
MBB,MB&B305,None
MBB,MB&B308,None
MBB,MB&B321,(CHEM251 AND [CHEM383 or MB&B383;])
MBB,MB&B381,(CHEM141 AND CHEM142 AND MATH117 AND CHEM251) OR (CHEM143 AND CHEM144 AND MATH121 AND CHEM251)
MBB,MB&B382,None
MBB,MB&B505,None
MBB,MB&B508,None
MBB,MB&B558,None
MBB,MB&B581,(CHEM141 AND CHEM142 AND MATH117 AND CHEM251) OR (CHEM143 AND CHEM144 AND MATH121 AND CHEM251)
MBB,MB&B586,None
MBB,MB&B588,[CHEM383 or MB&B383;]
SISP,SISP123,None
SISP,SISP123,None
SISP,SISP202,None
SISP,SISP206,None
SISP,SISP221,None
SISP,SISP259,PSYC105
SISP,SISP259,PSYC105
SISP,SISP281,None
SISP,SISP315,None
SISP,SISP317,None
SISP,SISP374,None
SISP,SISP205,None
SISP,SISP225,None
SISP,SISP253,None
SISP,SISP258,None
SISP,SISP260,None
SISP,SISP286,None
SISP,SISP305,None
SISP,SISP307,None
SISP,SISP379,None
FYS,AMST120,None
FYS,ARHA181,None
FYS,CCIV124,None
FYS,COL104,None
FYS,COL112,None
FYS,E&ES154,None
FYS,ENGL141,None
FYS,ENGL150,None
FYS,FILM104,None
FYS,FIST276,None
FYS,HIST111,None
FYS,HIST122,None
FYS,HIST138,None
FYS,RELI270,None
FYS,RELI381,None
FYS,RUSS232,None
FYS,RUSS240,None
FYS,THEA199,None
FYS,THEA199,None
FYS,THEA199,None
FYS,ANTH111,None
FYS,BIOL137,None
FYS,COMP131,None
FYS,ENGL140,None
FYS,ENGL151,None
FYS,GRST230,None
FYS,HIST138,None
FYS,MUSC121,None
FYS,RELI221,None
FYS,RELI221,None
XDST,AMST248,None
XDST,AMST293,None
XDST,AMST317,None
XDST,LANG190,None
XDST,LANG290,LANG191 OR LANG241 OR LANG242
XDST,PSYC206,PSYC105
XDST,AMST201,None
XDST,BIOL345,(NS&B213; AND MB&B181; AND BIOL182) OR (NS&B213; AND MB&B181; AND BIOL196) OR (NS&B213; AND MB&B195; AND BIOL182) OR (NS&B213; AND MB&B195; AND BIOL196)
XDST,LANG191,LANG190
PHYS,PHYS111,None
PHYS,PHYS113,None
PHYS,PHYS113,None
PHYS,PHYS113,None
PHYS,PHYS113,None
PHYS,PHYS121,None
PHYS,PHYS121,None
PHYS,PHYS121,None
PHYS,PHYS121,None
PHYS,PHYS121,None
PHYS,PHYS121,None
PHYS,PHYS121,None
PHYS,PHYS121,None
PHYS,PHYS123,None
PHYS,PHYS123,None
PHYS,PHYS123,None
PHYS,PHYS123,None
PHYS,PHYS213,(PHYS113 AND PHYS116)
PHYS,PHYS215,None
PHYS,PHYS221,None
PHYS,PHYS315,(PHYS214 AND MATH221)
PHYS,PHYS324,(PHYS116 AND PHYS124 AND MATH222)
PHYS,PHYS340,(MATH222 AND PHYS213)
PHYS,PHYS342,(PHYS116 AND PHYS213)
PHYS,PHYS395,(MB&B208; AND CHEM141 AND CHEM142) OR (MB&B208; AND CHEM143 AND CHEM144)
PHYS,PHYS500,None
PHYS,PHYS505,None
PHYS,PHYS509,([PHYS313 or PHYS513] AND PHYS214 AND [PHYS315 or PHYS515] AND [PHYS316 or PHYS516])
PHYS,PHYS515,(PHYS214 AND MATH221)
PHYS,PHYS524,(PHYS116 AND PHYS124 AND MATH222)
PHYS,PHYS542,(PHYS116 AND PHYS213)
PHYS,PHYS565,MATH222 AND MATH223 AND PHYS313 AND PHYS315 AND PHYS324
PHYS,PHYS571,PHYS315
PHYS,PHYS587,None
PHYS,PHYS112,None
PHYS,PHYS116,PHYS113
PHYS,PHYS122,None
PHYS,PHYS122,None
PHYS,PHYS122,None
PHYS,PHYS122,None
PHYS,PHYS122,None
PHYS,PHYS122,None
PHYS,PHYS122,None
PHYS,PHYS122,None
PHYS,PHYS124,PHYS113 OR PHYS123
PHYS,PHYS124,PHYS113 OR PHYS123
PHYS,PHYS124,PHYS113 OR PHYS123
PHYS,PHYS124,PHYS113 OR PHYS123
PHYS,PHYS214,PHYS213
PHYS,PHYS313,(PHYS213 AND MATH221 AND MATH222 AND MATH122)
PHYS,PHYS316,PHYS214
PHYS,PHYS345,PHYS112 OR PHYS116 OR [PHYS324 or PHYS524]
PHYS,PHYS506,None
PHYS,PHYS507,PHYS214
PHYS,PHYS508,None
PHYS,PHYS510,([PHYS315 or PHYS515] AND [PHYS324 or PHYS524] AND [PHYS316 or PHYS516])
PHYS,PHYS513,(PHYS213 AND MATH221 AND MATH222 AND MATH122)
PHYS,PHYS516,PHYS214
PHYS,PHYS522,([PHYS315 or PHYS515] AND [PHYS313 or PHYS513])
PHYS,PHYS545,PHYS112 OR PHYS116 OR [PHYS324 or PHYS524]
PHYS,PHYS568,[PHYS315 or PHYS515]
PHYS,PHYS576,None
PHYS,PHYS588,None
FGSS,FGSS175,None
FGSS,FGSS209,None
FGSS,FGSS217,None
FGSS,FGSS227,None
FGSS,FGSS228,None
FGSS,FGSS243,None
FGSS,FGSS269,None
FGSS,FGSS281,None
FGSS,FGSS294,None
FGSS,FGSS339,None
FGSS,FGSS347,None
FGSS,FGSS398,None
FGSS,FGSS405,None
FGSS,FGSS148,None
FGSS,FGSS218,None
FGSS,FGSS224,None
FGSS,FGSS226,None
FGSS,FGSS237,None
FGSS,FGSS277,None
FGSS,FGSS302,None
FGSS,FGSS303,None
FGSS,FGSS326,None
FGSS,FGSS344,None
ANTH,ANTH101,None
ANTH,ANTH165,None
ANTH,ANTH202,None
ANTH,ANTH206,None
ANTH,ANTH232,None
ANTH,ANTH239,None
ANTH,ANTH244,None
ANTH,ANTH259,None
ANTH,ANTH295,ANTH101
ANTH,ANTH301,None
ANTH,ANTH324,ANTH101
ANTH,ANTH326,None
ANTH,ANTH372,None
ANTH,ANTH398,None
ANTH,ANTH400,ANTH296 OR ANTH295
ANTH,ANTH111,None
ANTH,ANTH208,ANTH101
ANTH,ANTH210,None
ANTH,ANTH226,None
ANTH,ANTH256,None
ANTH,ANTH268,None
ANTH,ANTH296,ANTH101
ANTH,ANTH302,None
ANTH,ANTH303,None
ANTH,ANTH304,None
ANTH,ANTH308,None
ANTH,ANTH325,None
ANTH,ANTH349,None
ANTH,ANTH395,None
GOVT,GOVT110,None
GOVT,GOVT151,None
GOVT,GOVT151,None
GOVT,GOVT151,None
GOVT,GOVT155,None
GOVT,GOVT155,None
GOVT,GOVT155,None
GOVT,GOVT157,None
GOVT,GOVT159,None
GOVT,GOVT201,None
GOVT,GOVT201,None
GOVT,GOVT201,None
GOVT,GOVT201,None
GOVT,GOVT201,None
GOVT,GOVT203,None
GOVT,GOVT215,None
GOVT,GOVT217,GOVT151
GOVT,GOVT242,None
GOVT,GOVT270,None
GOVT,GOVT278,None
GOVT,GOVT278,None
GOVT,GOVT292,None
GOVT,GOVT296,None
GOVT,GOVT302,None
GOVT,GOVT303,None
GOVT,GOVT304,None
GOVT,GOVT311,None
GOVT,GOVT311,None
GOVT,GOVT324,None
GOVT,GOVT331,None
GOVT,GOVT335,None
GOVT,GOVT343,None
GOVT,GOVT344,None
GOVT,GOVT346,None
GOVT,GOVT375,None
GOVT,GOVT390,None
GOVT,GOVT398,None
GOVT,GOVT151,None
GOVT,GOVT155,None
GOVT,GOVT155,None
GOVT,GOVT159,None
GOVT,GOVT214,None
GOVT,GOVT221,None
GOVT,GOVT222,None
GOVT,GOVT238,None
GOVT,GOVT250,GOVT203
GOVT,GOVT271,None
GOVT,GOVT272,None
GOVT,GOVT297,None
GOVT,GOVT305,None
GOVT,GOVT322,None
GOVT,GOVT325,None
GOVT,GOVT339,None
GOVT,GOVT350,None
GOVT,GOVT355,None
GOVT,GOVT373,None
ENVS,ANTH232,None
ENVS,ARHA258,None
ENVS,BIOL197,None
ENVS,BIOL214,([MB&B181; or BIOL181] AND [BIOL182 or MB&B182;]) OR ([MB&B181; or BIOL181] AND [BIOL196 or MB&B196;]) OR ([MB&B195; or BIOL195] AND [BIOL182 or MB&B182;] ) OR ([MB&B195; or BIOL195] AND [BIOL196 or MB&B196;])
ENVS,BIOL254,[BIOL182 or MB&B182;] OR [BIOL196 or MB&B196;] OR [NS&B213; or BIOL213 or PSYC240]
ENVS,BIOL254,[BIOL182 or MB&B182;] OR [BIOL196 or MB&B196;] OR [NS&B213; or BIOL213 or PSYC240]
ENVS,BIOL320,None
ENVS,BIOL327,[BIOL182 or MB&B182;] OR [BIOL196 or MB&B196;] OR COMP112 OR COMP211
ENVS,BIOL507,None
ENVS,CHEM557,None
ENVS,CHEM587,[CHEM383 or MB&B383;]
ENVS,E&ES223,E&ES101; OR E&ES199; OR E&ES115; OR [E&ES197; or BIOL197]
ENVS,ECON310,ECON301
ENVS,ENVS212,None
ENVS,ENVS220,[BIOL182 or MB&B182;] OR [BIOL196 or MB&B196;]
ENVS,ENVS226,[E&ES197; or BIOL197] OR [BIOL182 or MB&B182;] OR E&ES199;
ENVS,ENVS252,None
ENVS,ENVS285,[E&ES197; or BIOL197] OR E&ES199;
ENVS,ENVS296,None
ENVS,ENVS304,None
ENVS,ENVS391,None
ENVS,HIST221,None
ENVS,SISP202,None
ENVS,ANTH349,None
ENVS,BIOL223,None
ENVS,BIOL318,BIOL214 OR BIOL218 OR [BIOL254 or NS&B254;] OR [BIOL224 or NS&B224;]
ENVS,CCIV225,None
ENVS,E&ES199,None
ENVS,E&ES317,E&ES101;
ENVS,ENVS201,[E&ES197; or BIOL197] OR E&ES199;
ENVS,ENVS205,None
ENVS,ENVS221,None
ENVS,ENVS222,None
ENVS,ENVS230,None
ENVS,ENVS233,E&ES101; OR E&ES115; OR E&ES199; OR [E&ES197; or BIOL197]
ENVS,ENVS280,None
ENVS,ENVS281,None
ENVS,ENVS305,None
ENVS,ENVS307,None
ENVS,ENVS347,None
ENVS,ENVS361,None
ENVS,ENVS377,None
ENVS,ENVS392,None
ENVS,MB&B381,(CHEM141 AND CHEM142 AND MATH117 AND CHEM251) OR (CHEM143 AND CHEM144 AND MATH121 AND CHEM251)
ARST,ARST131,None
ARST,ARST131,None
ARST,ARST131,None
ARST,ARST131,None
ARST,ARST434,None
ARST,ARST435,None
ARST,ARST437,ARST131
ARST,ARST439,ARST131
ARST,ARST440,(ARST131 AND ARST439)
ARST,ARST443,None
ARST,ARST445,None
ARST,ARST451,None
ARST,ARST453,None
ARST,ARST460,None
ARST,ARST461,None
ARST,ARST131,None
ARST,ARST131,None
ARST,ARST131,None
ARST,ARST432,ARST131
ARST,ARST435,None
ARST,ARST436,ARST435
ARST,ARST445,None
ARST,ARST446,ARST445 OR ARST435
ARST,ARST451,None
ARST,ARST452,None
ARST,ARST453,None
ARST,ARST460,None
ARST,ARST480,None
CSCT,AMST200,None
CSCT,ANTH101,None
CSCT,ANTH295,ANTH101
CSCT,ANTH326,None
CSCT,ANTH398,None
CSCT,COL108,None
CSCT,COL239,None
CSCT,CSS271,None
CSCT,ENGL295,None
CSCT,FGSS209,None
CSCT,FGSS269,None
CSCT,GOVT159,None
CSCT,GOVT398,None
CSCT,HIST215,None
CSCT,PHIL212,None
CSCT,PHIL258,None
CSCT,PHIL287,None
CSCT,PSYC259,PSYC105
CSCT,PSYC259,PSYC105
CSCT,RELI292,None
CSCT,RELI292,None
CSCT,SISP206,None
CSCT,SOC212,SOC151
CSCT,SOC234,SOC151
CSCT,THEA302,THEA105 OR THEA150 OR THEA245 OR [THEA199 or ENGL199] OR THEA185 OR THEA170 OR THEA140 OR [THEA214 or COL215 or REES279 or RUSS279 or RULE279]
CSCT,ALIT202,None
CSCT,AMST201,None
CSCT,ANTH296,ANTH101
CSCT,ANTH302,None
CSCT,ARHA339,None
CSCT,CSS340,None
CSCT,CSS340,None
CSCT,CSS371,None
CSCT,GOVT159,None
CSCT,GOVT339,None
CSCT,GOVT355,None
CSCT,HIST214,None
CSCT,HIST323,None
CSCT,PHIL277,None
CSCT,RELI302,None
CSCT,SOC212,SOC151
CSCT,SOC302,None
CSCT,THEA316,None
